"","sim","seed","control","level","nCellType","nSample","scSTM_C_Batch_P_cluster","fastTopics_cluster","seurat_cluster","monocle3_cluster"
"1","1724016349_neg_L1_c13_nsample12","1724016349","neg","L1","c13","nsample12",1,1,1,1
"2","1724016349_neg_L1_c13_nsample24","1724016349","neg","L1","c13","nsample24",1,1,1,1
"3","1724016349_neg_L1_c13_nsample36","1724016349","neg","L1","c13","nsample36",1,1,1,1
"4","1724016349_neg_L1_c13_nsample48","1724016349","neg","L1","c13","nsample48",1,1,1,1
"5","1724016349_neg_L1_c13_nsample6","1724016349","neg","L1","c13","nsample6",1,1,1,1
"6","1724016349_neg_L1_c17_nsample12","1724016349","neg","L1","c17","nsample12",1,1,1,1
"7","1724016349_neg_L1_c17_nsample24","1724016349","neg","L1","c17","nsample24",NA,NA,1,1
"8","1724016349_neg_L1_c17_nsample36","1724016349","neg","L1","c17","nsample36",NA,NA,1,1
"9","1724016349_neg_L1_c17_nsample48","1724016349","neg","L1","c17","nsample48",NA,NA,1,0.999346596585379
"10","1724016349_neg_L1_c17_nsample6","1724016349","neg","L1","c17","nsample6",1,1,1,1
"11","1724016349_neg_L1_c5_nsample12","1724016349","neg","L1","c5","nsample12",1,1,0.652075697205843,1
"12","1724016349_neg_L1_c5_nsample24","1724016349","neg","L1","c5","nsample24",1,1,1,1
"13","1724016349_neg_L1_c5_nsample36","1724016349","neg","L1","c5","nsample36",NA,NA,1,1
"14","1724016349_neg_L1_c5_nsample48","1724016349","neg","L1","c5","nsample48",NA,NA,1,1
"15","1724016349_neg_L1_c5_nsample6","1724016349","neg","L1","c5","nsample6",1,1,0.169658406283655,1
"16","1724016349_neg_L1_c9_nsample12","1724016349","neg","L1","c9","nsample12",1,1,1,1
"17","1724016349_neg_L1_c9_nsample24","1724016349","neg","L1","c9","nsample24",NA,NA,1,0.998413826080279
"18","1724016349_neg_L1_c9_nsample36","1724016349","neg","L1","c9","nsample36",NA,NA,1,1
"19","1724016349_neg_L1_c9_nsample48","1724016349","neg","L1","c9","nsample48",NA,NA,1,1
"20","1724016349_neg_L1_c9_nsample6","1724016349","neg","L1","c9","nsample6",NA,1,0.963415637900529,1
"21","1724016349_neg_L2_c13_nsample12","1724016349","neg","L2","c13","nsample12",1,1,0.93226110035377,1
"22","1724016349_neg_L2_c13_nsample24","1724016349","neg","L2","c13","nsample24",NA,NA,1,1
"23","1724016349_neg_L2_c13_nsample36","1724016349","neg","L2","c13","nsample36",NA,NA,0.99887111811511,0.99883211513835
"24","1724016349_neg_L2_c13_nsample48","1724016349","neg","L2","c13","nsample48",NA,NA,1,0.998694823736715
"25","1724016349_neg_L2_c13_nsample6","1724016349","neg","L2","c13","nsample6",1,1,0.45460251610454,1
"26","1724016349_neg_L2_c17_nsample12","1724016349","neg","L2","c17","nsample12",1,1,0.86059537123364,1
"27","1724016349_neg_L2_c17_nsample24","1724016349","neg","L2","c17","nsample24",NA,NA,1,0.998870079491798
"28","1724016349_neg_L2_c17_nsample36","1724016349","neg","L2","c17","nsample36",NA,NA,0.998045144869952,1
"29","1724016349_neg_L2_c17_nsample48","1724016349","neg","L2","c17","nsample48",NA,NA,1,0.999511836471019
"30","1724016349_neg_L2_c17_nsample6","1724016349","neg","L2","c17","nsample6",1,0.899351449822745,0.436154829374825,1
"31","1724016349_neg_L2_c5_nsample12","1724016349","neg","L2","c5","nsample12",1,1,0.372850264288569,1
"32","1724016349_neg_L2_c5_nsample24","1724016349","neg","L2","c5","nsample24",1,1,0.360376316702285,0.99570023967671
"33","1724016349_neg_L2_c5_nsample36","1724016349","neg","L2","c5","nsample36",NA,NA,0.356632732442657,0.997042249130468
"34","1724016349_neg_L2_c5_nsample48","1724016349","neg","L2","c5","nsample48",NA,NA,0.355783944171248,0.996979305147697
"35","1724016349_neg_L2_c5_nsample6","1724016349","neg","L2","c5","nsample6",1,1,0.397320362840446,1
"36","1724016349_neg_L2_c9_nsample12","1724016349","neg","L2","c9","nsample12",1,1,0.458136803234189,1
"37","1724016349_neg_L2_c9_nsample24","1724016349","neg","L2","c9","nsample24",NA,1,0.60365341289752,0.997823294243855
"38","1724016349_neg_L2_c9_nsample36","1724016349","neg","L2","c9","nsample36",NA,NA,0.541249864851922,1
"39","1724016349_neg_L2_c9_nsample48","1724016349","neg","L2","c9","nsample48",NA,NA,0.608449296973806,0.99915779710191
"40","1724016349_neg_L2_c9_nsample6","1724016349","neg","L2","c9","nsample6",1,1,0.422420303443433,1
"41","1724016349_neg_L3_c13_nsample12","1724016349","neg","L3","c13","nsample12",1,1,0.984144224659494,1
"42","1724016349_neg_L3_c13_nsample24","1724016349","neg","L3","c13","nsample24",NA,NA,1,1
"43","1724016349_neg_L3_c13_nsample36","1724016349","neg","L3","c13","nsample36",NA,NA,0.998929802840049,1
"44","1724016349_neg_L3_c13_nsample48","1724016349","neg","L3","c13","nsample48",NA,NA,1,1
"45","1724016349_neg_L3_c13_nsample6","1724016349","neg","L3","c13","nsample6",1,1,0.439065312034242,1
"46","1724016349_neg_L3_c17_nsample12","1724016349","neg","L3","c17","nsample12",1,1,0.944142044324674,1
"47","1724016349_neg_L3_c17_nsample24","1724016349","neg","L3","c17","nsample24",NA,NA,1,1
"48","1724016349_neg_L3_c17_nsample36","1724016349","neg","L3","c17","nsample36",NA,NA,0.998445058302292,1
"49","1724016349_neg_L3_c17_nsample48","1724016349","neg","L3","c17","nsample48",NA,NA,1,1
"50","1724016349_neg_L3_c17_nsample6","1724016349","neg","L3","c17","nsample6",1,0.875845698973386,0.436154829374825,1
"51","1724016349_neg_L3_c5_nsample12","1724016349","neg","L3","c5","nsample12",1,1,0.372850264288569,1
"52","1724016349_neg_L3_c5_nsample24","1724016349","neg","L3","c5","nsample24",NA,1,0.360330887360423,0.997407537007771
"53","1724016349_neg_L3_c5_nsample36","1724016349","neg","L3","c5","nsample36",NA,NA,0.356439043167415,0.999240746789031
"54","1724016349_neg_L3_c5_nsample48","1724016349","neg","L3","c5","nsample48",NA,NA,0.365397186525959,1
"55","1724016349_neg_L3_c5_nsample6","1724016349","neg","L3","c5","nsample6",1,1,0.351054607009646,1
"56","1724016349_neg_L3_c9_nsample12","1724016349","neg","L3","c9","nsample12",1,1,0.456001252313213,1
"57","1724016349_neg_L3_c9_nsample24","1724016349","neg","L3","c9","nsample24",NA,1,0.643475615449366,1
"58","1724016349_neg_L3_c9_nsample36","1724016349","neg","L3","c9","nsample36",NA,NA,0.609298126089383,0.999339488704615
"59","1724016349_neg_L3_c9_nsample48","1724016349","neg","L3","c9","nsample48",NA,NA,0.695043758570046,1
"60","1724016349_neg_L3_c9_nsample6","1724016349","neg","L3","c9","nsample6",NA,1,0.422420303443433,1
"61","1724016349_neg_L4_c13_nsample12","1724016349","neg","L4","c13","nsample12",1,0.32658962557127,0.406711993070161,1
"62","1724016349_neg_L4_c13_nsample24","1724016349","neg","L4","c13","nsample24",NA,NA,0.879286407002664,1
"63","1724016349_neg_L4_c13_nsample36","1724016349","neg","L4","c13","nsample36",NA,NA,0.97521158315554,1
"64","1724016349_neg_L4_c13_nsample48","1724016349","neg","L4","c13","nsample48",NA,NA,0.999208558505847,1
"65","1724016349_neg_L4_c13_nsample6","1724016349","neg","L4","c13","nsample6",1,0.169745200845475,0.424811121448513,1
"66","1724016349_neg_L4_c17_nsample12","1724016349","neg","L4","c17","nsample12",1,0.196017599840758,0.402819614743067,1
"67","1724016349_neg_L4_c17_nsample24","1724016349","neg","L4","c17","nsample24",NA,NA,0.770050288031947,1
"68","1724016349_neg_L4_c17_nsample36","1724016349","neg","L4","c17","nsample36",NA,NA,0.929744850407622,1
"69","1724016349_neg_L4_c17_nsample48","1724016349","neg","L4","c17","nsample48",NA,NA,1,1
"70","1724016349_neg_L4_c17_nsample6","1724016349","neg","L4","c17","nsample6",1,0.090561127748212,0.137693776269913,1
"71","1724016349_neg_L4_c5_nsample12","1724016349","neg","L4","c5","nsample12",1,1,0.372850264288569,1
"72","1724016349_neg_L4_c5_nsample24","1724016349","neg","L4","c5","nsample24",NA,1,0.360376295920745,0.998914949328728
"73","1724016349_neg_L4_c5_nsample36","1724016349","neg","L4","c5","nsample36",NA,NA,0.357078666893293,1
"74","1724016349_neg_L4_c5_nsample48","1724016349","neg","L4","c5","nsample48",NA,NA,0.364727406672771,1
"75","1724016349_neg_L4_c5_nsample6","1724016349","neg","L4","c5","nsample6",1,0.613645315050053,0.253691844904661,1
"76","1724016349_neg_L4_c9_nsample12","1724016349","neg","L4","c9","nsample12",1,0.759238632578244,0.397623623491156,1
"77","1724016349_neg_L4_c9_nsample24","1724016349","neg","L4","c9","nsample24",NA,1,0.523397716655459,1
"78","1724016349_neg_L4_c9_nsample36","1724016349","neg","L4","c9","nsample36",NA,NA,0.579924544522527,1
"79","1724016349_neg_L4_c9_nsample48","1724016349","neg","L4","c9","nsample48",NA,NA,0.60317405476579,1
"80","1724016349_neg_L4_c9_nsample6","1724016349","neg","L4","c9","nsample6",1,0.198876614419564,0.286954925503454,1
"81","1724016349_pos_L1_c13_nsample12","1724016349","pos","L1","c13","nsample12",1,1,1,1
"82","1724016349_pos_L1_c13_nsample24","1724016349","pos","L1","c13","nsample24",NA,1,1,1
"83","1724016349_pos_L1_c13_nsample36","1724016349","pos","L1","c13","nsample36",NA,NA,1,1
"84","1724016349_pos_L1_c13_nsample48","1724016349","pos","L1","c13","nsample48",NA,NA,1,1
"85","1724016349_pos_L1_c13_nsample6","1724016349","pos","L1","c13","nsample6",1,1,1,1
"86","1724016349_pos_L1_c17_nsample12","1724016349","pos","L1","c17","nsample12",1,1,1,1
"87","1724016349_pos_L1_c17_nsample24","1724016349","pos","L1","c17","nsample24",NA,NA,1,1
"88","1724016349_pos_L1_c17_nsample36","1724016349","pos","L1","c17","nsample36",NA,NA,1,1
"89","1724016349_pos_L1_c17_nsample48","1724016349","pos","L1","c17","nsample48",NA,NA,1,1
"90","1724016349_pos_L1_c17_nsample6","1724016349","pos","L1","c17","nsample6",1,1,1,1
"91","1724016349_pos_L1_c5_nsample12","1724016349","pos","L1","c5","nsample12",1,1,0.472758321210567,1
"92","1724016349_pos_L1_c5_nsample24","1724016349","pos","L1","c5","nsample24",NA,1,0.987228397272589,1
"93","1724016349_pos_L1_c5_nsample36","1724016349","pos","L1","c5","nsample36",NA,NA,1,1
"94","1724016349_pos_L1_c5_nsample48","1724016349","pos","L1","c5","nsample48",NA,NA,1,1
"95","1724016349_pos_L1_c5_nsample6","1724016349","pos","L1","c5","nsample6",1,1,0.15422496111356,1
"96","1724016349_pos_L1_c9_nsample12","1724016349","pos","L1","c9","nsample12",1,1,1,1
"97","1724016349_pos_L1_c9_nsample24","1724016349","pos","L1","c9","nsample24",NA,1,1,1
"98","1724016349_pos_L1_c9_nsample36","1724016349","pos","L1","c9","nsample36",NA,NA,1,1
"99","1724016349_pos_L1_c9_nsample48","1724016349","pos","L1","c9","nsample48",NA,NA,1,1
"100","1724016349_pos_L1_c9_nsample6","1724016349","pos","L1","c9","nsample6",1,1,0.862090996724339,1
"101","1724016349_pos_L2_c13_nsample12","1724016349","pos","L2","c13","nsample12",1,1,0.931567902990753,1
"102","1724016349_pos_L2_c13_nsample24","1724016349","pos","L2","c13","nsample24",NA,NA,0.993979034133462,1
"103","1724016349_pos_L2_c13_nsample36","1724016349","pos","L2","c13","nsample36",NA,NA,0.993178370411732,0.999516666260033
"104","1724016349_pos_L2_c13_nsample48","1724016349","pos","L2","c13","nsample48",NA,NA,1,0.998404673199903
"105","1724016349_pos_L2_c13_nsample6","1724016349","pos","L2","c13","nsample6",1,1,0.433301287975719,1
"106","1724016349_pos_L2_c17_nsample12","1724016349","pos","L2","c17","nsample12",1,1,0.895878136918283,1
"107","1724016349_pos_L2_c17_nsample24","1724016349","pos","L2","c17","nsample24",NA,NA,1,1
"108","1724016349_pos_L2_c17_nsample36","1724016349","pos","L2","c17","nsample36",NA,NA,0.991687684903952,1
"109","1724016349_pos_L2_c17_nsample48","1724016349","pos","L2","c17","nsample48",NA,NA,0.99993566372227,1
"110","1724016349_pos_L2_c17_nsample6","1724016349","pos","L2","c17","nsample6",1,0.930884302387326,0.436715826208909,1
"111","1724016349_pos_L2_c5_nsample12","1724016349","pos","L2","c5","nsample12",1,1,0.35979306889909,1
"112","1724016349_pos_L2_c5_nsample24","1724016349","pos","L2","c5","nsample24",NA,1,0.396873778816468,0.998391445909002
"113","1724016349_pos_L2_c5_nsample36","1724016349","pos","L2","c5","nsample36",NA,NA,0.412486055435996,0.994781889765875
"114","1724016349_pos_L2_c5_nsample48","1724016349","pos","L2","c5","nsample48",NA,NA,0.42292311882391,0.99763997432031
"115","1724016349_pos_L2_c5_nsample6","1724016349","pos","L2","c5","nsample6",1,1,0.397776436308957,1
"116","1724016349_pos_L2_c9_nsample12","1724016349","pos","L2","c9","nsample12",1,1,0.431397941683609,0.996938676478578
"117","1724016349_pos_L2_c9_nsample24","1724016349","pos","L2","c9","nsample24",NA,1,0.577881631823428,0.998204222333519
"118","1724016349_pos_L2_c9_nsample36","1724016349","pos","L2","c9","nsample36",NA,NA,0.572750727070364,0.998787002126102
"119","1724016349_pos_L2_c9_nsample48","1724016349","pos","L2","c9","nsample48",NA,NA,0.65009944240323,0.999441899082223
"120","1724016349_pos_L2_c9_nsample6","1724016349","pos","L2","c9","nsample6",1,1,0.423768016629203,1
"121","1724016349_pos_L3_c13_nsample12","1724016349","pos","L3","c13","nsample12",1,1,0.962116835351864,1
"122","1724016349_pos_L3_c13_nsample24","1724016349","pos","L3","c13","nsample24",NA,NA,1,0.998451668033433
"123","1724016349_pos_L3_c13_nsample36","1724016349","pos","L3","c13","nsample36",NA,NA,0.997787214331712,1
"124","1724016349_pos_L3_c13_nsample48","1724016349","pos","L3","c13","nsample48",NA,NA,1,1
"125","1724016349_pos_L3_c13_nsample6","1724016349","pos","L3","c13","nsample6",1,1,0.432666718098249,1
"126","1724016349_pos_L3_c17_nsample12","1724016349","pos","L3","c17","nsample12",1,1,0.952579981891673,1
"127","1724016349_pos_L3_c17_nsample24","1724016349","pos","L3","c17","nsample24",NA,NA,1,1
"128","1724016349_pos_L3_c17_nsample36","1724016349","pos","L3","c17","nsample36",NA,NA,0.993311120868872,0.999658033961867
"129","1724016349_pos_L3_c17_nsample48","1724016349","pos","L3","c17","nsample48",NA,NA,1,1
"130","1724016349_pos_L3_c17_nsample6","1724016349","pos","L3","c17","nsample6",1,0.930452079771739,0.437051872133592,1
"131","1724016349_pos_L3_c5_nsample12","1724016349","pos","L3","c5","nsample12",1,1,0.35979306889909,1
"132","1724016349_pos_L3_c5_nsample24","1724016349","pos","L3","c5","nsample24",NA,1,0.396593117732673,0.993255426270625
"133","1724016349_pos_L3_c5_nsample36","1724016349","pos","L3","c5","nsample36",NA,NA,0.412665569455375,0.998109184364029
"134","1724016349_pos_L3_c5_nsample48","1724016349","pos","L3","c5","nsample48",NA,NA,0.43300759380244,1
"135","1724016349_pos_L3_c5_nsample6","1724016349","pos","L3","c5","nsample6",1,1,0.361524461169813,1
"136","1724016349_pos_L3_c9_nsample12","1724016349","pos","L3","c9","nsample12",1,1,0.442743634051295,1
"137","1724016349_pos_L3_c9_nsample24","1724016349","pos","L3","c9","nsample24",NA,NA,0.61235554541845,1
"138","1724016349_pos_L3_c9_nsample36","1724016349","pos","L3","c9","nsample36",NA,NA,0.575873675436701,0.999713795093643
"139","1724016349_pos_L3_c9_nsample48","1724016349","pos","L3","c9","nsample48",NA,NA,0.718700038183544,1
"140","1724016349_pos_L3_c9_nsample6","1724016349","pos","L3","c9","nsample6",1,1,0.423768016629203,1
"141","1724016349_pos_L4_c13_nsample12","1724016349","pos","L4","c13","nsample12",1,0.335862960413016,0.402765238803842,1
"142","1724016349_pos_L4_c13_nsample24","1724016349","pos","L4","c13","nsample24",NA,NA,0.80981402936819,1
"143","1724016349_pos_L4_c13_nsample36","1724016349","pos","L4","c13","nsample36",NA,NA,0.984551824955421,1
"144","1724016349_pos_L4_c13_nsample48","1724016349","pos","L4","c13","nsample48",NA,NA,0.995371616712327,1
"145","1724016349_pos_L4_c13_nsample6","1724016349","pos","L4","c13","nsample6",1,0.179290782990344,0.262129897458818,1
"146","1724016349_pos_L4_c17_nsample12","1724016349","pos","L4","c17","nsample12",0.998878941387448,0.241811168243203,0.391385719239113,1
"147","1724016349_pos_L4_c17_nsample24","1724016349","pos","L4","c17","nsample24",NA,NA,0.77522990306983,1
"148","1724016349_pos_L4_c17_nsample36","1724016349","pos","L4","c17","nsample36",NA,NA,0.923042536863152,1
"149","1724016349_pos_L4_c17_nsample48","1724016349","pos","L4","c17","nsample48",NA,NA,0.961102718543043,1
"150","1724016349_pos_L4_c17_nsample6","1724016349","pos","L4","c17","nsample6",1,0.120430515950286,0.110810083423561,1
"151","1724016349_pos_L4_c5_nsample12","1724016349","pos","L4","c5","nsample12",1,1,0.35979306889909,1
"152","1724016349_pos_L4_c5_nsample24","1724016349","pos","L4","c5","nsample24",NA,1,0.396655690471821,0.997421684573044
"153","1724016349_pos_L4_c5_nsample36","1724016349","pos","L4","c5","nsample36",NA,NA,0.412393315457892,0.996697371725151
"154","1724016349_pos_L4_c5_nsample48","1724016349","pos","L4","c5","nsample48",NA,NA,0.421774022548085,1
"155","1724016349_pos_L4_c5_nsample6","1724016349","pos","L4","c5","nsample6",1,0.645236694361471,0.215424525657639,1
"156","1724016349_pos_L4_c9_nsample12","1724016349","pos","L4","c9","nsample12",1,0.758238046169007,0.394461133881059,1
"157","1724016349_pos_L4_c9_nsample24","1724016349","pos","L4","c9","nsample24",NA,NA,0.526865949893244,1
"158","1724016349_pos_L4_c9_nsample36","1724016349","pos","L4","c9","nsample36",NA,NA,0.555655289844761,1
"159","1724016349_pos_L4_c9_nsample48","1724016349","pos","L4","c9","nsample48",NA,NA,0.583428006408454,1
"160","1724016349_pos_L4_c9_nsample6","1724016349","pos","L4","c9","nsample6",1,0.185317912632894,0.345761953557308,1
"161","1724016353_neg_L1_c13_nsample12","1724016353","neg","L1","c13","nsample12",1,1,1,1
"162","1724016353_neg_L1_c13_nsample24","1724016353","neg","L1","c13","nsample24",NA,1,1,1
"163","1724016353_neg_L1_c13_nsample36","1724016353","neg","L1","c13","nsample36",NA,NA,1,0.922438068461102
"164","1724016353_neg_L1_c13_nsample48","1724016353","neg","L1","c13","nsample48",NA,NA,1,1
"165","1724016353_neg_L1_c13_nsample6","1724016353","neg","L1","c13","nsample6",NA,1,1,1
"166","1724016353_neg_L1_c17_nsample12","1724016353","neg","L1","c17","nsample12",1,1,1,1
"167","1724016353_neg_L1_c17_nsample24","1724016353","neg","L1","c17","nsample24",NA,NA,1,1
"168","1724016353_neg_L1_c17_nsample36","1724016353","neg","L1","c17","nsample36",NA,NA,1,1
"169","1724016353_neg_L1_c17_nsample48","1724016353","neg","L1","c17","nsample48",NA,NA,1,1
"170","1724016353_neg_L1_c17_nsample6","1724016353","neg","L1","c17","nsample6",1,1,1,1
"171","1724016353_neg_L1_c5_nsample12","1724016353","neg","L1","c5","nsample12",1,1,0.630216731926289,1
"172","1724016353_neg_L1_c5_nsample24","1724016353","neg","L1","c5","nsample24",NA,1,1,1
"173","1724016353_neg_L1_c5_nsample36","1724016353","neg","L1","c5","nsample36",NA,NA,1,1
"174","1724016353_neg_L1_c5_nsample48","1724016353","neg","L1","c5","nsample48",NA,NA,1,1
"175","1724016353_neg_L1_c5_nsample6","1724016353","neg","L1","c5","nsample6",1,1,0.185714526047498,1
"176","1724016353_neg_L1_c9_nsample12","1724016353","neg","L1","c9","nsample12",1,1,1,1
"177","1724016353_neg_L1_c9_nsample24","1724016353","neg","L1","c9","nsample24",NA,1,1,1
"178","1724016353_neg_L1_c9_nsample36","1724016353","neg","L1","c9","nsample36",NA,NA,1,1
"179","1724016353_neg_L1_c9_nsample48","1724016353","neg","L1","c9","nsample48",NA,NA,1,1
"180","1724016353_neg_L1_c9_nsample6","1724016353","neg","L1","c9","nsample6",1,1,1,1
"181","1724016353_neg_L2_c13_nsample12","1724016353","neg","L2","c13","nsample12",1,1,0.956380335852259,1
"182","1724016353_neg_L2_c13_nsample24","1724016353","neg","L2","c13","nsample24",NA,1,1,1
"183","1724016353_neg_L2_c13_nsample36","1724016353","neg","L2","c13","nsample36",NA,NA,1,1
"184","1724016353_neg_L2_c13_nsample48","1724016353","neg","L2","c13","nsample48",NA,NA,1,0.999641702918862
"185","1724016353_neg_L2_c13_nsample6","1724016353","neg","L2","c13","nsample6",1,1,0.474003919074284,1
"186","1724016353_neg_L2_c17_nsample12","1724016353","neg","L2","c17","nsample12",1,1,0.84689608813376,1
"187","1724016353_neg_L2_c17_nsample24","1724016353","neg","L2","c17","nsample24",NA,NA,1,1
"188","1724016353_neg_L2_c17_nsample36","1724016353","neg","L2","c17","nsample36",NA,NA,1,1
"189","1724016353_neg_L2_c17_nsample48","1724016353","neg","L2","c17","nsample48",NA,NA,1,0.998481137558907
"190","1724016353_neg_L2_c17_nsample6","1724016353","neg","L2","c17","nsample6",1,1,0.436790995945303,1
"191","1724016353_neg_L2_c5_nsample12","1724016353","neg","L2","c5","nsample12",1,1,0.372689766251514,1
"192","1724016353_neg_L2_c5_nsample24","1724016353","neg","L2","c5","nsample24",NA,1,0.360212126100704,1
"193","1724016353_neg_L2_c5_nsample36","1724016353","neg","L2","c5","nsample36",NA,NA,0.357930839591216,0.997352806734398
"194","1724016353_neg_L2_c5_nsample48","1724016353","neg","L2","c5","nsample48",NA,NA,0.356755870437976,0.998650831996287
"195","1724016353_neg_L2_c5_nsample6","1724016353","neg","L2","c5","nsample6",1,1,0.397119221371471,1
"196","1724016353_neg_L2_c9_nsample12","1724016353","neg","L2","c9","nsample12",1,1,0.444042459309588,1
"197","1724016353_neg_L2_c9_nsample24","1724016353","neg","L2","c9","nsample24",NA,1,0.45550289699613,1
"198","1724016353_neg_L2_c9_nsample36","1724016353","neg","L2","c9","nsample36",NA,NA,0.574887013562044,0.999052623200967
"199","1724016353_neg_L2_c9_nsample48","1724016353","neg","L2","c9","nsample48",NA,NA,0.570480613546007,0.998896902350589
"200","1724016353_neg_L2_c9_nsample6","1724016353","neg","L2","c9","nsample6",1,1,0.423401542392357,1
"201","1724016353_neg_L3_c13_nsample12","1724016353","neg","L3","c13","nsample12",1,1,0.970820874042719,1
"202","1724016353_neg_L3_c13_nsample24","1724016353","neg","L3","c13","nsample24",NA,1,1,0.998065707843394
"203","1724016353_neg_L3_c13_nsample36","1724016353","neg","L3","c13","nsample36",NA,NA,1,1
"204","1724016353_neg_L3_c13_nsample48","1724016353","neg","L3","c13","nsample48",NA,NA,1,1
"205","1724016353_neg_L3_c13_nsample6","1724016353","neg","L3","c13","nsample6",1,1,0.515343856739862,1
"206","1724016353_neg_L3_c17_nsample12","1724016353","neg","L3","c17","nsample12",1,1,0.937887545555891,1
"207","1724016353_neg_L3_c17_nsample24","1724016353","neg","L3","c17","nsample24",NA,NA,1,1
"208","1724016353_neg_L3_c17_nsample36","1724016353","neg","L3","c17","nsample36",NA,NA,1,0.999288104315049
"209","1724016353_neg_L3_c17_nsample48","1724016353","neg","L3","c17","nsample48",NA,NA,1,1
"210","1724016353_neg_L3_c17_nsample6","1724016353","neg","L3","c17","nsample6",1,1,0.455983385009916,1
"211","1724016353_neg_L3_c5_nsample12","1724016353","neg","L3","c5","nsample12",1,1,0.372689766251514,0.99757515666353
"212","1724016353_neg_L3_c5_nsample24","1724016353","neg","L3","c5","nsample24",NA,1,0.360258447332571,0.995930759035916
"213","1724016353_neg_L3_c5_nsample36","1724016353","neg","L3","c5","nsample36",NA,NA,0.370580792892606,1
"214","1724016353_neg_L3_c5_nsample48","1724016353","neg","L3","c5","nsample48",NA,NA,0.35810744027587,1
"215","1724016353_neg_L3_c5_nsample6","1724016353","neg","L3","c5","nsample6",1,1,0.397119221371471,1
"216","1724016353_neg_L3_c9_nsample12","1724016353","neg","L3","c9","nsample12",1,1,0.511526701192586,1
"217","1724016353_neg_L3_c9_nsample24","1724016353","neg","L3","c9","nsample24",NA,1,0.535029921831839,0.998773091413183
"218","1724016353_neg_L3_c9_nsample36","1724016353","neg","L3","c9","nsample36",NA,NA,0.575074171528922,1
"219","1724016353_neg_L3_c9_nsample48","1724016353","neg","L3","c9","nsample48",NA,NA,0.656724921757101,1
"220","1724016353_neg_L3_c9_nsample6","1724016353","neg","L3","c9","nsample6",1,1,0.423401542392357,1
"221","1724016353_neg_L4_c13_nsample12","1724016353","neg","L4","c13","nsample12",1,0.336116923787927,0.407101114773817,1
"222","1724016353_neg_L4_c13_nsample24","1724016353","neg","L4","c13","nsample24",NA,NA,0.811309863609273,1
"223","1724016353_neg_L4_c13_nsample36","1724016353","neg","L4","c13","nsample36",NA,NA,0.978452727925986,1
"224","1724016353_neg_L4_c13_nsample48","1724016353","neg","L4","c13","nsample48",NA,NA,0.997243245522963,1
"225","1724016353_neg_L4_c13_nsample6","1724016353","neg","L4","c13","nsample6",1,0.224791634180071,0.21981608014925,1
"226","1724016353_neg_L4_c17_nsample12","1724016353","neg","L4","c17","nsample12",1,0.230632016747709,0.408338670209228,1
"227","1724016353_neg_L4_c17_nsample24","1724016353","neg","L4","c17","nsample24",NA,NA,0.727550612029161,1
"228","1724016353_neg_L4_c17_nsample36","1724016353","neg","L4","c17","nsample36",NA,NA,0.954818813824828,1
"229","1724016353_neg_L4_c17_nsample48","1724016353","neg","L4","c17","nsample48",NA,NA,0.992647910888171,1
"230","1724016353_neg_L4_c17_nsample6","1724016353","neg","L4","c17","nsample6",0.966010015081715,0.177271732204542,0.144067311938586,1
"231","1724016353_neg_L4_c5_nsample12","1724016353","neg","L4","c5","nsample12",1,1,0.372689766251514,1
"232","1724016353_neg_L4_c5_nsample24","1724016353","neg","L4","c5","nsample24",NA,1,0.360256764090236,1
"233","1724016353_neg_L4_c5_nsample36","1724016353","neg","L4","c5","nsample36",NA,NA,0.356167145306438,0.998555455402528
"234","1724016353_neg_L4_c5_nsample48","1724016353","neg","L4","c5","nsample48",NA,NA,0.352564394950265,1
"235","1724016353_neg_L4_c5_nsample6","1724016353","neg","L4","c5","nsample6",1,0.757081531550465,0.232896238336664,1
"236","1724016353_neg_L4_c9_nsample12","1724016353","neg","L4","c9","nsample12",1,0.97498706676399,0.398498666017635,1
"237","1724016353_neg_L4_c9_nsample24","1724016353","neg","L4","c9","nsample24",NA,1,0.430564606590296,1
"238","1724016353_neg_L4_c9_nsample36","1724016353","neg","L4","c9","nsample36",NA,NA,0.529705527403303,1
"239","1724016353_neg_L4_c9_nsample48","1724016353","neg","L4","c9","nsample48",NA,NA,0.594046250657464,1
"240","1724016353_neg_L4_c9_nsample6","1724016353","neg","L4","c9","nsample6",1,0.302742768236108,0.379370194122778,1
"241","1724016353_pos_L1_c13_nsample12","1724016353","pos","L1","c13","nsample12",1,1,1,1
"242","1724016353_pos_L1_c13_nsample24","1724016353","pos","L1","c13","nsample24",NA,NA,1,1
"243","1724016353_pos_L1_c13_nsample36","1724016353","pos","L1","c13","nsample36",NA,NA,1,1
"244","1724016353_pos_L1_c13_nsample48","1724016353","pos","L1","c13","nsample48",NA,NA,1,1
"245","1724016353_pos_L1_c13_nsample6","1724016353","pos","L1","c13","nsample6",1,1,1,1
"246","1724016353_pos_L1_c17_nsample12","1724016353","pos","L1","c17","nsample12",1,1,1,1
"247","1724016353_pos_L1_c17_nsample24","1724016353","pos","L1","c17","nsample24",NA,NA,1,1
"248","1724016353_pos_L1_c17_nsample36","1724016353","pos","L1","c17","nsample36",NA,NA,1,1
"249","1724016353_pos_L1_c17_nsample48","1724016353","pos","L1","c17","nsample48",NA,NA,1,0.999725570429615
"250","1724016353_pos_L1_c17_nsample6","1724016353","pos","L1","c17","nsample6",1,1,1,1
"251","1724016353_pos_L1_c5_nsample12","1724016353","pos","L1","c5","nsample12",1,1,0.493329239981243,1
"252","1724016353_pos_L1_c5_nsample24","1724016353","pos","L1","c5","nsample24",NA,1,1,1
"253","1724016353_pos_L1_c5_nsample36","1724016353","pos","L1","c5","nsample36",NA,NA,1,1
"254","1724016353_pos_L1_c5_nsample48","1724016353","pos","L1","c5","nsample48",NA,NA,1,1
"255","1724016353_pos_L1_c5_nsample6","1724016353","pos","L1","c5","nsample6",1,1,0.229560560904912,1
"256","1724016353_pos_L1_c9_nsample12","1724016353","pos","L1","c9","nsample12",1,1,1,1
"257","1724016353_pos_L1_c9_nsample24","1724016353","pos","L1","c9","nsample24",NA,1,1,1
"258","1724016353_pos_L1_c9_nsample36","1724016353","pos","L1","c9","nsample36",NA,NA,1,1
"259","1724016353_pos_L1_c9_nsample48","1724016353","pos","L1","c9","nsample48",NA,NA,1,1
"260","1724016353_pos_L1_c9_nsample6","1724016353","pos","L1","c9","nsample6",1,1,0.915361609092089,1
"261","1724016353_pos_L2_c13_nsample12","1724016353","pos","L2","c13","nsample12",1,1,0.931400703742666,1
"262","1724016353_pos_L2_c13_nsample24","1724016353","pos","L2","c13","nsample24",NA,1,0.993911514469807,1
"263","1724016353_pos_L2_c13_nsample36","1724016353","pos","L2","c13","nsample36",NA,NA,1,0.997350147268234
"264","1724016353_pos_L2_c13_nsample48","1724016353","pos","L2","c13","nsample48",NA,NA,1,0.999250831109778
"265","1724016353_pos_L2_c13_nsample6","1724016353","pos","L2","c13","nsample6",1,1,0.435509410995228,1
"266","1724016353_pos_L2_c17_nsample12","1724016353","pos","L2","c17","nsample12",1,1,0.897970120136086,1
"267","1724016353_pos_L2_c17_nsample24","1724016353","pos","L2","c17","nsample24",NA,NA,0.987441402258898,1
"268","1724016353_pos_L2_c17_nsample36","1724016353","pos","L2","c17","nsample36",NA,NA,1,0.998804348070148
"269","1724016353_pos_L2_c17_nsample48","1724016353","pos","L2","c17","nsample48",NA,NA,0.999971254262384,0.999151013740407
"270","1724016353_pos_L2_c17_nsample6","1724016353","pos","L2","c17","nsample6",1,0.951364626422659,0.448440711325895,1
"271","1724016353_pos_L2_c5_nsample12","1724016353","pos","L2","c5","nsample12",1,1,0.359710239684576,0.996864971423296
"272","1724016353_pos_L2_c5_nsample24","1724016353","pos","L2","c5","nsample24",NA,1,0.391511498983727,0.997211560037976
"273","1724016353_pos_L2_c5_nsample36","1724016353","pos","L2","c5","nsample36",NA,NA,0.415250269669109,0.997865376674258
"274","1724016353_pos_L2_c5_nsample48","1724016353","pos","L2","c5","nsample48",NA,NA,0.423129189321327,0.99823145772982
"275","1724016353_pos_L2_c5_nsample6","1724016353","pos","L2","c5","nsample6",1,1,0.395702406277334,1
"276","1724016353_pos_L2_c9_nsample12","1724016353","pos","L2","c9","nsample12",1,1,0.405660683902522,1
"277","1724016353_pos_L2_c9_nsample24","1724016353","pos","L2","c9","nsample24",NA,1,0.468433593936522,0.998924387450655
"278","1724016353_pos_L2_c9_nsample36","1724016353","pos","L2","c9","nsample36",NA,NA,0.567520633618506,1
"279","1724016353_pos_L2_c9_nsample48","1724016353","pos","L2","c9","nsample48",NA,NA,0.624679027819255,0.998644771095191
"280","1724016353_pos_L2_c9_nsample6","1724016353","pos","L2","c9","nsample6",1,1,0.424180917349205,1
"281","1724016353_pos_L3_c13_nsample12","1724016353","pos","L3","c13","nsample12",1,1,0.946585224420587,1
"282","1724016353_pos_L3_c13_nsample24","1724016353","pos","L3","c13","nsample24",NA,1,0.994733811460113,0.999036012914574
"283","1724016353_pos_L3_c13_nsample36","1724016353","pos","L3","c13","nsample36",NA,NA,1,0.999068335796457
"284","1724016353_pos_L3_c13_nsample48","1724016353","pos","L3","c13","nsample48",NA,NA,1,1
"285","1724016353_pos_L3_c13_nsample6","1724016353","pos","L3","c13","nsample6",1,1,0.467835269768358,1
"286","1724016353_pos_L3_c17_nsample12","1724016353","pos","L3","c17","nsample12",1,1,0.902378789586137,1
"287","1724016353_pos_L3_c17_nsample24","1724016353","pos","L3","c17","nsample24",NA,NA,0.994182883466917,1
"288","1724016353_pos_L3_c17_nsample36","1724016353","pos","L3","c17","nsample36",NA,NA,1,1
"289","1724016353_pos_L3_c17_nsample48","1724016353","pos","L3","c17","nsample48",NA,NA,1,1
"290","1724016353_pos_L3_c17_nsample6","1724016353","pos","L3","c17","nsample6",1,0.962078263051426,0.449043103480373,1
"291","1724016353_pos_L3_c5_nsample12","1724016353","pos","L3","c5","nsample12",1,1,0.359710239684576,1
"292","1724016353_pos_L3_c5_nsample24","1724016353","pos","L3","c5","nsample24",NA,1,0.391457770485862,0.994976846298885
"293","1724016353_pos_L3_c5_nsample36","1724016353","pos","L3","c5","nsample36",NA,NA,0.434969897563094,0.997127271131065
"294","1724016353_pos_L3_c5_nsample48","1724016353","pos","L3","c5","nsample48",NA,NA,0.422841212254035,1
"295","1724016353_pos_L3_c5_nsample6","1724016353","pos","L3","c5","nsample6",1,1,0.311459135350986,1
"296","1724016353_pos_L3_c9_nsample12","1724016353","pos","L3","c9","nsample12",1,1,0.404428268042462,1
"297","1724016353_pos_L3_c9_nsample24","1724016353","pos","L3","c9","nsample24",NA,1,0.521921052858208,1
"298","1724016353_pos_L3_c9_nsample36","1724016353","pos","L3","c9","nsample36",NA,NA,0.632193707518608,1
"299","1724016353_pos_L3_c9_nsample48","1724016353","pos","L3","c9","nsample48",NA,NA,0.746861665088621,1
"300","1724016353_pos_L3_c9_nsample6","1724016353","pos","L3","c9","nsample6",1,1,0.424180917349205,1
"301","1724016353_pos_L4_c13_nsample12","1724016353","pos","L4","c13","nsample12",1,0.421085627407909,0.405144416134982,1
"302","1724016353_pos_L4_c13_nsample24","1724016353","pos","L4","c13","nsample24",NA,0.93378862066861,0.835208281392031,1
"303","1724016353_pos_L4_c13_nsample36","1724016353","pos","L4","c13","nsample36",NA,NA,0.969076620343769,1
"304","1724016353_pos_L4_c13_nsample48","1724016353","pos","L4","c13","nsample48",NA,NA,0.999180957859128,1
"305","1724016353_pos_L4_c13_nsample6","1724016353","pos","L4","c13","nsample6",1,0.309065266492208,0.172317952066954,1
"306","1724016353_pos_L4_c17_nsample12","1724016353","pos","L4","c17","nsample12",1,0.226221246184684,0.393122941347656,1
"307","1724016353_pos_L4_c17_nsample24","1724016353","pos","L4","c17","nsample24",NA,NA,0.631573972089811,1
"308","1724016353_pos_L4_c17_nsample36","1724016353","pos","L4","c17","nsample36",NA,NA,0.978327369660401,1
"309","1724016353_pos_L4_c17_nsample48","1724016353","pos","L4","c17","nsample48",NA,NA,0.983453572601352,1
"310","1724016353_pos_L4_c17_nsample6","1724016353","pos","L4","c17","nsample6",1,0.260486711551317,0.139387454108683,1
"311","1724016353_pos_L4_c5_nsample12","1724016353","pos","L4","c5","nsample12",1,1,0.349439806619168,1
"312","1724016353_pos_L4_c5_nsample24","1724016353","pos","L4","c5","nsample24",NA,1,0.391339125763052,1
"313","1724016353_pos_L4_c5_nsample36","1724016353","pos","L4","c5","nsample36",NA,NA,0.412423072047015,1
"314","1724016353_pos_L4_c5_nsample48","1724016353","pos","L4","c5","nsample48",NA,NA,0.421186233395245,1
"315","1724016353_pos_L4_c5_nsample6","1724016353","pos","L4","c5","nsample6",1,0.791933432340833,0.193859644860741,1
"316","1724016353_pos_L4_c9_nsample12","1724016353","pos","L4","c9","nsample12",1,0.813290000768415,0.398286039885652,1
"317","1724016353_pos_L4_c9_nsample24","1724016353","pos","L4","c9","nsample24",NA,0.923459379296337,0.456192681994667,1
"318","1724016353_pos_L4_c9_nsample36","1724016353","pos","L4","c9","nsample36",NA,NA,0.536080161551323,1
"319","1724016353_pos_L4_c9_nsample48","1724016353","pos","L4","c9","nsample48",NA,NA,0.617319106763469,1
"320","1724016353_pos_L4_c9_nsample6","1724016353","pos","L4","c9","nsample6",1,0.40796037023421,0.326893218453843,1
"321","1724016364_neg_L1_c13_nsample12","1724016364","neg","L1","c13","nsample12",1,1,1,1
"322","1724016364_neg_L1_c13_nsample24","1724016364","neg","L1","c13","nsample24",NA,1,1,1
"323","1724016364_neg_L1_c13_nsample36","1724016364","neg","L1","c13","nsample36",NA,NA,1,1
"324","1724016364_neg_L1_c13_nsample48","1724016364","neg","L1","c13","nsample48",NA,NA,1,1
"325","1724016364_neg_L1_c13_nsample6","1724016364","neg","L1","c13","nsample6",1,1,1,1
"326","1724016364_neg_L1_c17_nsample12","1724016364","neg","L1","c17","nsample12",1,1,1,1
"327","1724016364_neg_L1_c17_nsample24","1724016364","neg","L1","c17","nsample24",NA,NA,1,1
"328","1724016364_neg_L1_c17_nsample36","1724016364","neg","L1","c17","nsample36",NA,NA,1,1
"329","1724016364_neg_L1_c17_nsample48","1724016364","neg","L1","c17","nsample48",NA,NA,1,1
"330","1724016364_neg_L1_c17_nsample6","1724016364","neg","L1","c17","nsample6",1,1,1,1
"331","1724016364_neg_L1_c5_nsample12","1724016364","neg","L1","c5","nsample12",1,1,0.481788610678872,1
"332","1724016364_neg_L1_c5_nsample24","1724016364","neg","L1","c5","nsample24",NA,1,1,1
"333","1724016364_neg_L1_c5_nsample36","1724016364","neg","L1","c5","nsample36",NA,NA,1,1
"334","1724016364_neg_L1_c5_nsample48","1724016364","neg","L1","c5","nsample48",NA,NA,1,1
"335","1724016364_neg_L1_c5_nsample6","1724016364","neg","L1","c5","nsample6",1,1,0.162720287988544,1
"336","1724016364_neg_L1_c9_nsample12","1724016364","neg","L1","c9","nsample12",1,1,1,1
"337","1724016364_neg_L1_c9_nsample24","1724016364","neg","L1","c9","nsample24",NA,1,1,1
"338","1724016364_neg_L1_c9_nsample36","1724016364","neg","L1","c9","nsample36",NA,NA,1,1
"339","1724016364_neg_L1_c9_nsample48","1724016364","neg","L1","c9","nsample48",NA,NA,1,1
"340","1724016364_neg_L1_c9_nsample6","1724016364","neg","L1","c9","nsample6",1,1,0.802267554442585,1
"341","1724016364_neg_L2_c13_nsample12","1724016364","neg","L2","c13","nsample12",1,1,0.881713879823984,1
"342","1724016364_neg_L2_c13_nsample24","1724016364","neg","L2","c13","nsample24",NA,1,1,1
"343","1724016364_neg_L2_c13_nsample36","1724016364","neg","L2","c13","nsample36",NA,NA,1,1
"344","1724016364_neg_L2_c13_nsample48","1724016364","neg","L2","c13","nsample48",NA,NA,1,1
"345","1724016364_neg_L2_c13_nsample6","1724016364","neg","L2","c13","nsample6",1,1,0.446479881835063,1
"346","1724016364_neg_L2_c17_nsample12","1724016364","neg","L2","c17","nsample12",1,1,0.831991662168907,1
"347","1724016364_neg_L2_c17_nsample24","1724016364","neg","L2","c17","nsample24",NA,NA,1,1
"348","1724016364_neg_L2_c17_nsample36","1724016364","neg","L2","c17","nsample36",NA,NA,1,1
"349","1724016364_neg_L2_c17_nsample48","1724016364","neg","L2","c17","nsample48",NA,NA,1,0.998500511298112
"350","1724016364_neg_L2_c17_nsample6","1724016364","neg","L2","c17","nsample6",1,0.943487782071906,0.436997533037024,1
"351","1724016364_neg_L2_c5_nsample12","1724016364","neg","L2","c5","nsample12",1,1,0.372784001397112,1
"352","1724016364_neg_L2_c5_nsample24","1724016364","neg","L2","c5","nsample24",NA,1,0.360384486850402,0.998482016753247
"353","1724016364_neg_L2_c5_nsample36","1724016364","neg","L2","c5","nsample36",NA,NA,0.356687878350169,1
"354","1724016364_neg_L2_c5_nsample48","1724016364","neg","L2","c5","nsample48",NA,NA,0.355218703959931,1
"355","1724016364_neg_L2_c5_nsample6","1724016364","neg","L2","c5","nsample6",1,1,0.39755961405214,1
"356","1724016364_neg_L2_c9_nsample12","1724016364","neg","L2","c9","nsample12",1,1,0.41637383488949,1
"357","1724016364_neg_L2_c9_nsample24","1724016364","neg","L2","c9","nsample24",NA,1,0.487354075051473,1
"358","1724016364_neg_L2_c9_nsample36","1724016364","neg","L2","c9","nsample36",NA,NA,0.552998073963256,0.999215550297746
"359","1724016364_neg_L2_c9_nsample48","1724016364","neg","L2","c9","nsample48",NA,NA,0.583915957277806,0.998447307383653
"360","1724016364_neg_L2_c9_nsample6","1724016364","neg","L2","c9","nsample6",1,1,0.422483285705883,1
"361","1724016364_neg_L3_c13_nsample12","1724016364","neg","L3","c13","nsample12",1,1,0.974380576754994,1
"362","1724016364_neg_L3_c13_nsample24","1724016364","neg","L3","c13","nsample24",NA,1,1,0.997710927407329
"363","1724016364_neg_L3_c13_nsample36","1724016364","neg","L3","c13","nsample36",NA,NA,1,1
"364","1724016364_neg_L3_c13_nsample48","1724016364","neg","L3","c13","nsample48",NA,NA,1,1
"365","1724016364_neg_L3_c13_nsample6","1724016364","neg","L3","c13","nsample6",1,1,0.476023451170005,1
"366","1724016364_neg_L3_c17_nsample12","1724016364","neg","L3","c17","nsample12",1,1,0.902763468741122,1
"367","1724016364_neg_L3_c17_nsample24","1724016364","neg","L3","c17","nsample24",NA,NA,1,1
"368","1724016364_neg_L3_c17_nsample36","1724016364","neg","L3","c17","nsample36",NA,NA,1,1
"369","1724016364_neg_L3_c17_nsample48","1724016364","neg","L3","c17","nsample48",NA,NA,1,1
"370","1724016364_neg_L3_c17_nsample6","1724016364","neg","L3","c17","nsample6",1,0.887533179845844,0.436372398039913,1
"371","1724016364_neg_L3_c5_nsample12","1724016364","neg","L3","c5","nsample12",1,1,0.372784001397112,1
"372","1724016364_neg_L3_c5_nsample24","1724016364","neg","L3","c5","nsample24",NA,1,0.360335380548515,0.995963382156465
"373","1724016364_neg_L3_c5_nsample36","1724016364","neg","L3","c5","nsample36",NA,NA,0.368914408145207,1
"374","1724016364_neg_L3_c5_nsample48","1724016364","neg","L3","c5","nsample48",NA,NA,0.357630246774896,1
"375","1724016364_neg_L3_c5_nsample6","1724016364","neg","L3","c5","nsample6",1,1,0.39755961405214,1
"376","1724016364_neg_L3_c9_nsample12","1724016364","neg","L3","c9","nsample12",1,1,0.408893994974784,1
"377","1724016364_neg_L3_c9_nsample24","1724016364","neg","L3","c9","nsample24",NA,NA,0.468529488568105,0.998964941268971
"378","1724016364_neg_L3_c9_nsample36","1724016364","neg","L3","c9","nsample36",NA,NA,0.621035040689867,1
"379","1724016364_neg_L3_c9_nsample48","1724016364","neg","L3","c9","nsample48",NA,NA,0.688880811144776,1
"380","1724016364_neg_L3_c9_nsample6","1724016364","neg","L3","c9","nsample6",1,1,0.422483285705883,1
"381","1724016364_neg_L4_c13_nsample12","1724016364","neg","L4","c13","nsample12",1,0.311360633247638,0.406733054461376,1
"382","1724016364_neg_L4_c13_nsample24","1724016364","neg","L4","c13","nsample24",NA,NA,0.832066836678321,1
"383","1724016364_neg_L4_c13_nsample36","1724016364","neg","L4","c13","nsample36",NA,NA,0.975984330898209,1
"384","1724016364_neg_L4_c13_nsample48","1724016364","neg","L4","c13","nsample48",NA,NA,0.999145682638467,1
"385","1724016364_neg_L4_c13_nsample6","1724016364","neg","L4","c13","nsample6",0.976152173602712,0.218593120899331,0.294122674043004,1
"386","1724016364_neg_L4_c17_nsample12","1724016364","neg","L4","c17","nsample12",1,0.175964866346336,0.410032846878586,1
"387","1724016364_neg_L4_c17_nsample24","1724016364","neg","L4","c17","nsample24",NA,NA,0.622185965454502,1
"388","1724016364_neg_L4_c17_nsample36","1724016364","neg","L4","c17","nsample36",NA,NA,0.957613692619148,1
"389","1724016364_neg_L4_c17_nsample48","1724016364","neg","L4","c17","nsample48",NA,NA,0.998900328660277,1
"390","1724016364_neg_L4_c17_nsample6","1724016364","neg","L4","c17","nsample6",1,0.165131663556745,0.15113601651759,1
"391","1724016364_neg_L4_c5_nsample12","1724016364","neg","L4","c5","nsample12",1,1,0.372784001397112,1
"392","1724016364_neg_L4_c5_nsample24","1724016364","neg","L4","c5","nsample24",NA,1,0.360384486850402,1
"393","1724016364_neg_L4_c5_nsample36","1724016364","neg","L4","c5","nsample36",NA,NA,0.356415302573559,1
"394","1724016364_neg_L4_c5_nsample48","1724016364","neg","L4","c5","nsample48",NA,NA,0.357330987326243,1
"395","1724016364_neg_L4_c5_nsample6","1724016364","neg","L4","c5","nsample6",1,0.689177764577167,0.298462588233666,1
"396","1724016364_neg_L4_c9_nsample12","1724016364","neg","L4","c9","nsample12",1,0.732487369439305,0.397495854085313,1
"397","1724016364_neg_L4_c9_nsample24","1724016364","neg","L4","c9","nsample24",NA,1,0.459893278425862,1
"398","1724016364_neg_L4_c9_nsample36","1724016364","neg","L4","c9","nsample36",NA,NA,0.639044170583458,1
"399","1724016364_neg_L4_c9_nsample48","1724016364","neg","L4","c9","nsample48",NA,NA,0.568806356707155,1
"400","1724016364_neg_L4_c9_nsample6","1724016364","neg","L4","c9","nsample6",NA,0.19069680702906,0.373458149928479,1
"401","1724016364_pos_L1_c13_nsample12","1724016364","pos","L1","c13","nsample12",1,1,1,1
"402","1724016364_pos_L1_c13_nsample24","1724016364","pos","L1","c13","nsample24",NA,1,1,1
"403","1724016364_pos_L1_c13_nsample36","1724016364","pos","L1","c13","nsample36",NA,NA,1,1
"404","1724016364_pos_L1_c13_nsample48","1724016364","pos","L1","c13","nsample48",NA,NA,1,1
"405","1724016364_pos_L1_c13_nsample6","1724016364","pos","L1","c13","nsample6",1,1,1,1
"406","1724016364_pos_L1_c17_nsample12","1724016364","pos","L1","c17","nsample12",1,1,1,1
"407","1724016364_pos_L1_c17_nsample24","1724016364","pos","L1","c17","nsample24",NA,NA,1,1
"408","1724016364_pos_L1_c17_nsample36","1724016364","pos","L1","c17","nsample36",NA,NA,1,1
"409","1724016364_pos_L1_c17_nsample48","1724016364","pos","L1","c17","nsample48",NA,NA,1,1
"410","1724016364_pos_L1_c17_nsample6","1724016364","pos","L1","c17","nsample6",1,1,1,1
"411","1724016364_pos_L1_c5_nsample12","1724016364","pos","L1","c5","nsample12",NA,1,0.461767393823306,1
"412","1724016364_pos_L1_c5_nsample24","1724016364","pos","L1","c5","nsample24",NA,1,0.99546327569065,0.998495141865568
"413","1724016364_pos_L1_c5_nsample36","1724016364","pos","L1","c5","nsample36",NA,NA,1,1
"414","1724016364_pos_L1_c5_nsample48","1724016364","pos","L1","c5","nsample48",NA,NA,1,1
"415","1724016364_pos_L1_c5_nsample6","1724016364","pos","L1","c5","nsample6",1,1,0.158661154922099,1
"416","1724016364_pos_L1_c9_nsample12","1724016364","pos","L1","c9","nsample12",1,1,0.992698198991125,1
"417","1724016364_pos_L1_c9_nsample24","1724016364","pos","L1","c9","nsample24",NA,NA,1,1
"418","1724016364_pos_L1_c9_nsample36","1724016364","pos","L1","c9","nsample36",NA,NA,1,1
"419","1724016364_pos_L1_c9_nsample48","1724016364","pos","L1","c9","nsample48",NA,NA,1,0.839977739817469
"420","1724016364_pos_L1_c9_nsample6","1724016364","pos","L1","c9","nsample6",1,1,0.817119378388188,1
"421","1724016364_pos_L2_c13_nsample12","1724016364","pos","L2","c13","nsample12",1,1,0.833655063808121,1
"422","1724016364_pos_L2_c13_nsample24","1724016364","pos","L2","c13","nsample24",NA,1,1,1
"423","1724016364_pos_L2_c13_nsample36","1724016364","pos","L2","c13","nsample36",NA,NA,1,0.998457046789908
"424","1724016364_pos_L2_c13_nsample48","1724016364","pos","L2","c13","nsample48",NA,NA,1,0.999317194960894
"425","1724016364_pos_L2_c13_nsample6","1724016364","pos","L2","c13","nsample6",1,1,0.510682612376793,1
"426","1724016364_pos_L2_c17_nsample12","1724016364","pos","L2","c17","nsample12",1,1,0.869534584001529,1
"427","1724016364_pos_L2_c17_nsample24","1724016364","pos","L2","c17","nsample24",NA,NA,1,1
"428","1724016364_pos_L2_c17_nsample36","1724016364","pos","L2","c17","nsample36",NA,NA,1,1
"429","1724016364_pos_L2_c17_nsample48","1724016364","pos","L2","c17","nsample48",NA,NA,1,1
"430","1724016364_pos_L2_c17_nsample6","1724016364","pos","L2","c17","nsample6",1,0.957179141964093,0.439755604792139,1
"431","1724016364_pos_L2_c5_nsample12","1724016364","pos","L2","c5","nsample12",1,1,0.360890378368251,1
"432","1724016364_pos_L2_c5_nsample24","1724016364","pos","L2","c5","nsample24",NA,1,0.393310780404753,0.993136017570277
"433","1724016364_pos_L2_c5_nsample36","1724016364","pos","L2","c5","nsample36",NA,NA,0.410347320004967,0.999270504581241
"434","1724016364_pos_L2_c5_nsample48","1724016364","pos","L2","c5","nsample48",NA,NA,0.41954008540971,1
"435","1724016364_pos_L2_c5_nsample6","1724016364","pos","L2","c5","nsample6",1,1,0.396568385655602,1
"436","1724016364_pos_L2_c9_nsample12","1724016364","pos","L2","c9","nsample12",1,1,0.397351068052698,1
"437","1724016364_pos_L2_c9_nsample24","1724016364","pos","L2","c9","nsample24",NA,1,0.460888558792097,0.998658980178816
"438","1724016364_pos_L2_c9_nsample36","1724016364","pos","L2","c9","nsample36",NA,NA,0.553729393388755,0.999092786862042
"439","1724016364_pos_L2_c9_nsample48","1724016364","pos","L2","c9","nsample48",NA,NA,0.573597627652138,1
"440","1724016364_pos_L2_c9_nsample6","1724016364","pos","L2","c9","nsample6",1,1,0.422671330043816,1
"441","1724016364_pos_L3_c13_nsample12","1724016364","pos","L3","c13","nsample12",1,1,0.908479456442967,1
"442","1724016364_pos_L3_c13_nsample24","1724016364","pos","L3","c13","nsample24",NA,1,1,0.998684737133858
"443","1724016364_pos_L3_c13_nsample36","1724016364","pos","L3","c13","nsample36",NA,NA,1,0.999372325219822
"444","1724016364_pos_L3_c13_nsample48","1724016364","pos","L3","c13","nsample48",NA,NA,1,1
"445","1724016364_pos_L3_c13_nsample6","1724016364","pos","L3","c13","nsample6",1,0.935295677104043,0.526086741988417,1
"446","1724016364_pos_L3_c17_nsample12","1724016364","pos","L3","c17","nsample12",1,1,0.900424014938563,1
"447","1724016364_pos_L3_c17_nsample24","1724016364","pos","L3","c17","nsample24",NA,NA,1,1
"448","1724016364_pos_L3_c17_nsample36","1724016364","pos","L3","c17","nsample36",NA,NA,1,1
"449","1724016364_pos_L3_c17_nsample48","1724016364","pos","L3","c17","nsample48",NA,NA,1,1
"450","1724016364_pos_L3_c17_nsample6","1724016364","pos","L3","c17","nsample6",1,0.968897570935046,0.439505440953569,1
"451","1724016364_pos_L3_c5_nsample12","1724016364","pos","L3","c5","nsample12",1,1,0.360890378368251,1
"452","1724016364_pos_L3_c5_nsample24","1724016364","pos","L3","c5","nsample24",NA,1,0.393302206964468,0.988135861021406
"453","1724016364_pos_L3_c5_nsample36","1724016364","pos","L3","c5","nsample36",NA,NA,0.414631355662356,0.998966705270215
"454","1724016364_pos_L3_c5_nsample48","1724016364","pos","L3","c5","nsample48",NA,NA,0.419673029296857,1
"455","1724016364_pos_L3_c5_nsample6","1724016364","pos","L3","c5","nsample6",1,1,0.330671868420228,1
"456","1724016364_pos_L3_c9_nsample12","1724016364","pos","L3","c9","nsample12",1,1,0.446228378156912,1
"457","1724016364_pos_L3_c9_nsample24","1724016364","pos","L3","c9","nsample24",NA,1,0.479538250837423,1
"458","1724016364_pos_L3_c9_nsample36","1724016364","pos","L3","c9","nsample36",NA,NA,0.585596159760405,0.998390616478498
"459","1724016364_pos_L3_c9_nsample48","1724016364","pos","L3","c9","nsample48",NA,NA,0.663880820086269,1
"460","1724016364_pos_L3_c9_nsample6","1724016364","pos","L3","c9","nsample6",1,1,0.422665706526216,1
"461","1724016364_pos_L4_c13_nsample12","1724016364","pos","L4","c13","nsample12",1,0.388066886777634,0.401477979647163,1
"462","1724016364_pos_L4_c13_nsample24","1724016364","pos","L4","c13","nsample24",NA,0.841840531391019,0.82169440509066,1
"463","1724016364_pos_L4_c13_nsample36","1724016364","pos","L4","c13","nsample36",NA,NA,0.978654822732507,1
"464","1724016364_pos_L4_c13_nsample48","1724016364","pos","L4","c13","nsample48",NA,NA,0.998427395693238,1
"465","1724016364_pos_L4_c13_nsample6","1724016364","pos","L4","c13","nsample6",NA,0.261187675514481,0.303481554081046,1
"466","1724016364_pos_L4_c17_nsample12","1724016364","pos","L4","c17","nsample12",NA,0.23395349340528,0.375801405916124,1
"467","1724016364_pos_L4_c17_nsample24","1724016364","pos","L4","c17","nsample24",NA,NA,0.602151358483536,1
"468","1724016364_pos_L4_c17_nsample36","1724016364","pos","L4","c17","nsample36",NA,NA,0.939523633291152,1
"469","1724016364_pos_L4_c17_nsample48","1724016364","pos","L4","c17","nsample48",NA,NA,0.994378025628711,1
"470","1724016364_pos_L4_c17_nsample6","1724016364","pos","L4","c17","nsample6",1,0.200134147386664,0.152740424888678,1
"471","1724016364_pos_L4_c5_nsample12","1724016364","pos","L4","c5","nsample12",1,1,0.276168681462534,1
"472","1724016364_pos_L4_c5_nsample24","1724016364","pos","L4","c5","nsample24",NA,1,0.393310780404753,0.997399184995689
"473","1724016364_pos_L4_c5_nsample36","1724016364","pos","L4","c5","nsample36",NA,NA,0.409826570324323,1
"474","1724016364_pos_L4_c5_nsample48","1724016364","pos","L4","c5","nsample48",NA,NA,0.419246172343366,1
"475","1724016364_pos_L4_c5_nsample6","1724016364","pos","L4","c5","nsample6",1,0.606264891246344,0.158582467056411,1
"476","1724016364_pos_L4_c9_nsample12","1724016364","pos","L4","c9","nsample12",1,0.821133041768027,0.395077056560987,1
"477","1724016364_pos_L4_c9_nsample24","1724016364","pos","L4","c9","nsample24",NA,0.907026834534872,0.470593617174302,1
"478","1724016364_pos_L4_c9_nsample36","1724016364","pos","L4","c9","nsample36",NA,NA,0.585502861948374,1
"479","1724016364_pos_L4_c9_nsample48","1724016364","pos","L4","c9","nsample48",NA,NA,0.617946654857409,1
"480","1724016364_pos_L4_c9_nsample6","1724016364","pos","L4","c9","nsample6",1,0.24366527581411,0.336530798065372,1
"481","1724016406_neg_L1_c13_nsample12","1724016406","neg","L1","c13","nsample12",1,1,1,1
"482","1724016406_neg_L1_c13_nsample24","1724016406","neg","L1","c13","nsample24",NA,1,1,1
"483","1724016406_neg_L1_c13_nsample36","1724016406","neg","L1","c13","nsample36",NA,NA,1,1
"484","1724016406_neg_L1_c13_nsample48","1724016406","neg","L1","c13","nsample48",NA,NA,1,1
"485","1724016406_neg_L1_c13_nsample6","1724016406","neg","L1","c13","nsample6",1,1,1,1
"486","1724016406_neg_L1_c17_nsample12","1724016406","neg","L1","c17","nsample12",NA,1,1,1
"487","1724016406_neg_L1_c17_nsample24","1724016406","neg","L1","c17","nsample24",NA,NA,1,0.999300353804492
"488","1724016406_neg_L1_c17_nsample36","1724016406","neg","L1","c17","nsample36",NA,NA,1,1
"489","1724016406_neg_L1_c17_nsample48","1724016406","neg","L1","c17","nsample48",NA,NA,1,1
"490","1724016406_neg_L1_c17_nsample6","1724016406","neg","L1","c17","nsample6",1,1,1,1
"491","1724016406_neg_L1_c5_nsample12","1724016406","neg","L1","c5","nsample12",NA,1,0.673248582552774,1
"492","1724016406_neg_L1_c5_nsample24","1724016406","neg","L1","c5","nsample24",NA,1,1,0.998709973043689
"493","1724016406_neg_L1_c5_nsample36","1724016406","neg","L1","c5","nsample36",NA,NA,1,1
"494","1724016406_neg_L1_c5_nsample48","1724016406","neg","L1","c5","nsample48",NA,NA,1,1
"495","1724016406_neg_L1_c5_nsample6","1724016406","neg","L1","c5","nsample6",1,1,0.244716775728097,1
"496","1724016406_neg_L1_c9_nsample12","1724016406","neg","L1","c9","nsample12",NA,1,1,1
"497","1724016406_neg_L1_c9_nsample24","1724016406","neg","L1","c9","nsample24",NA,1,1,1
"498","1724016406_neg_L1_c9_nsample36","1724016406","neg","L1","c9","nsample36",NA,NA,1,1
"499","1724016406_neg_L1_c9_nsample48","1724016406","neg","L1","c9","nsample48",NA,NA,1,1
"500","1724016406_neg_L1_c9_nsample6","1724016406","neg","L1","c9","nsample6",1,1,0.958630091282894,1
"501","1724016406_neg_L2_c13_nsample12","1724016406","neg","L2","c13","nsample12",1,1,0.91077968436477,1
"502","1724016406_neg_L2_c13_nsample24","1724016406","neg","L2","c13","nsample24",NA,1,1,0.999295754566132
"503","1724016406_neg_L2_c13_nsample36","1724016406","neg","L2","c13","nsample36",NA,NA,1,0.999088162288349
"504","1724016406_neg_L2_c13_nsample48","1724016406","neg","L2","c13","nsample48",NA,NA,1,0.999537010438241
"505","1724016406_neg_L2_c13_nsample6","1724016406","neg","L2","c13","nsample6",1,0.922168693709925,0.540693237774636,1
"506","1724016406_neg_L2_c17_nsample12","1724016406","neg","L2","c17","nsample12",NA,1,0.84627110471951,1
"507","1724016406_neg_L2_c17_nsample24","1724016406","neg","L2","c17","nsample24",NA,NA,1,1
"508","1724016406_neg_L2_c17_nsample36","1724016406","neg","L2","c17","nsample36",NA,NA,1,1
"509","1724016406_neg_L2_c17_nsample48","1724016406","neg","L2","c17","nsample48",NA,NA,1,1
"510","1724016406_neg_L2_c17_nsample6","1724016406","neg","L2","c17","nsample6",1,0.908700437841135,0.43666842196083,1
"511","1724016406_neg_L2_c5_nsample12","1724016406","neg","L2","c5","nsample12",1,1,0.372695864524239,1
"512","1724016406_neg_L2_c5_nsample24","1724016406","neg","L2","c5","nsample24",NA,1,0.360491137869645,1
"513","1724016406_neg_L2_c5_nsample36","1724016406","neg","L2","c5","nsample36",NA,NA,0.360751616548573,0.996746415905024
"514","1724016406_neg_L2_c5_nsample48","1724016406","neg","L2","c5","nsample48",NA,NA,0.356541358832778,1
"515","1724016406_neg_L2_c5_nsample6","1724016406","neg","L2","c5","nsample6",1,1,0.396784834854541,1
"516","1724016406_neg_L2_c9_nsample12","1724016406","neg","L2","c9","nsample12",1,1,0.410417797915186,1
"517","1724016406_neg_L2_c9_nsample24","1724016406","neg","L2","c9","nsample24",NA,1,0.478450745530088,1
"518","1724016406_neg_L2_c9_nsample36","1724016406","neg","L2","c9","nsample36",NA,NA,0.549287049029821,1
"519","1724016406_neg_L2_c9_nsample48","1724016406","neg","L2","c9","nsample48",NA,NA,0.566440814219214,0.996202560486952
"520","1724016406_neg_L2_c9_nsample6","1724016406","neg","L2","c9","nsample6",1,1,0.516020700395785,1
"521","1724016406_neg_L3_c13_nsample12","1724016406","neg","L3","c13","nsample12",1,1,0.893271579814876,1
"522","1724016406_neg_L3_c13_nsample24","1724016406","neg","L3","c13","nsample24",NA,1,1,0.999097899269179
"523","1724016406_neg_L3_c13_nsample36","1724016406","neg","L3","c13","nsample36",NA,NA,1,1
"524","1724016406_neg_L3_c13_nsample48","1724016406","neg","L3","c13","nsample48",NA,NA,1,1
"525","1724016406_neg_L3_c13_nsample6","1724016406","neg","L3","c13","nsample6",1,1,0.469445294671977,1
"526","1724016406_neg_L3_c17_nsample12","1724016406","neg","L3","c17","nsample12",1,1,0.933120086718122,0.998646602935488
"527","1724016406_neg_L3_c17_nsample24","1724016406","neg","L3","c17","nsample24",NA,NA,1,1
"528","1724016406_neg_L3_c17_nsample36","1724016406","neg","L3","c17","nsample36",NA,NA,1,1
"529","1724016406_neg_L3_c17_nsample48","1724016406","neg","L3","c17","nsample48",NA,NA,1,1
"530","1724016406_neg_L3_c17_nsample6","1724016406","neg","L3","c17","nsample6",1,0.910881007979794,0.437136524337264,1
"531","1724016406_neg_L3_c5_nsample12","1724016406","neg","L3","c5","nsample12",1,1,0.372695864524239,1
"532","1724016406_neg_L3_c5_nsample24","1724016406","neg","L3","c5","nsample24",NA,1,0.360252836018881,0.993996085336696
"533","1724016406_neg_L3_c5_nsample36","1724016406","neg","L3","c5","nsample36",NA,NA,0.357084600525221,1
"534","1724016406_neg_L3_c5_nsample48","1724016406","neg","L3","c5","nsample48",NA,NA,0.357075493514596,1
"535","1724016406_neg_L3_c5_nsample6","1724016406","neg","L3","c5","nsample6",1,1,0.396784834854541,1
"536","1724016406_neg_L3_c9_nsample12","1724016406","neg","L3","c9","nsample12",1,1,0.41014060189127,1
"537","1724016406_neg_L3_c9_nsample24","1724016406","neg","L3","c9","nsample24",NA,1,0.516055813276946,0.996353386757426
"538","1724016406_neg_L3_c9_nsample36","1724016406","neg","L3","c9","nsample36",NA,NA,0.615716400480581,0.999176678356035
"539","1724016406_neg_L3_c9_nsample48","1724016406","neg","L3","c9","nsample48",NA,NA,0.704637931065932,1
"540","1724016406_neg_L3_c9_nsample6","1724016406","neg","L3","c9","nsample6",1,1,0.43133929376211,1
"541","1724016406_neg_L4_c13_nsample12","1724016406","neg","L4","c13","nsample12",1,0.236349786635316,0.406999676561124,1
"542","1724016406_neg_L4_c13_nsample24","1724016406","neg","L4","c13","nsample24",NA,0.896824527897397,0.847011674894432,1
"543","1724016406_neg_L4_c13_nsample36","1724016406","neg","L4","c13","nsample36",NA,NA,0.974193470525681,1
"544","1724016406_neg_L4_c13_nsample48","1724016406","neg","L4","c13","nsample48",NA,NA,0.990848878952007,1
"545","1724016406_neg_L4_c13_nsample6","1724016406","neg","L4","c13","nsample6",0.806837007526168,0.168400639372633,0.203521204505388,1
"546","1724016406_neg_L4_c17_nsample12","1724016406","neg","L4","c17","nsample12",NA,0.168366173348555,0.409557469973177,1
"547","1724016406_neg_L4_c17_nsample24","1724016406","neg","L4","c17","nsample24",NA,NA,0.692427161840996,1
"548","1724016406_neg_L4_c17_nsample36","1724016406","neg","L4","c17","nsample36",NA,NA,0.92173782525603,1
"549","1724016406_neg_L4_c17_nsample48","1724016406","neg","L4","c17","nsample48",NA,NA,0.993786297230337,1
"550","1724016406_neg_L4_c17_nsample6","1724016406","neg","L4","c17","nsample6",1,0.114593620466531,0.141089830589471,1
"551","1724016406_neg_L4_c5_nsample12","1724016406","neg","L4","c5","nsample12",1,1,0.372695864524239,1
"552","1724016406_neg_L4_c5_nsample24","1724016406","neg","L4","c5","nsample24",NA,1,0.360249303711766,1
"553","1724016406_neg_L4_c5_nsample36","1724016406","neg","L4","c5","nsample36",NA,NA,0.35656776324947,1
"554","1724016406_neg_L4_c5_nsample48","1724016406","neg","L4","c5","nsample48",NA,NA,0.354860264074056,1
"555","1724016406_neg_L4_c5_nsample6","1724016406","neg","L4","c5","nsample6",1,0.656533163317212,0.368169318235399,1
"556","1724016406_neg_L4_c9_nsample12","1724016406","neg","L4","c9","nsample12",1,0.430803714579022,0.398512417173758,1
"557","1724016406_neg_L4_c9_nsample24","1724016406","neg","L4","c9","nsample24",NA,0.99962371150607,0.492628973337332,1
"558","1724016406_neg_L4_c9_nsample36","1724016406","neg","L4","c9","nsample36",NA,NA,0.499037207007151,1
"559","1724016406_neg_L4_c9_nsample48","1724016406","neg","L4","c9","nsample48",NA,NA,0.549996209983583,1
"560","1724016406_neg_L4_c9_nsample6","1724016406","neg","L4","c9","nsample6",1,0.351420187040524,0.413653861222825,1
"561","1724016406_pos_L1_c13_nsample12","1724016406","pos","L1","c13","nsample12",1,1,1,1
"562","1724016406_pos_L1_c13_nsample24","1724016406","pos","L1","c13","nsample24",NA,1,1,1
"563","1724016406_pos_L1_c13_nsample36","1724016406","pos","L1","c13","nsample36",NA,NA,1,1
"564","1724016406_pos_L1_c13_nsample48","1724016406","pos","L1","c13","nsample48",NA,NA,1,1
"565","1724016406_pos_L1_c13_nsample6","1724016406","pos","L1","c13","nsample6",1,1,1,1
"566","1724016406_pos_L1_c17_nsample12","1724016406","pos","L1","c17","nsample12",1,1,1,1
"567","1724016406_pos_L1_c17_nsample24","1724016406","pos","L1","c17","nsample24",NA,NA,1,1
"568","1724016406_pos_L1_c17_nsample36","1724016406","pos","L1","c17","nsample36",NA,NA,1,1
"569","1724016406_pos_L1_c17_nsample48","1724016406","pos","L1","c17","nsample48",NA,NA,1,0.999420754193157
"570","1724016406_pos_L1_c17_nsample6","1724016406","pos","L1","c17","nsample6",1,1,1,1
"571","1724016406_pos_L1_c5_nsample12","1724016406","pos","L1","c5","nsample12",NA,1,0.512923300619055,1
"572","1724016406_pos_L1_c5_nsample24","1724016406","pos","L1","c5","nsample24",NA,1,1,1
"573","1724016406_pos_L1_c5_nsample36","1724016406","pos","L1","c5","nsample36",NA,NA,1,1
"574","1724016406_pos_L1_c5_nsample48","1724016406","pos","L1","c5","nsample48",NA,NA,1,1
"575","1724016406_pos_L1_c5_nsample6","1724016406","pos","L1","c5","nsample6",1,1,0.204447496722669,1
"576","1724016406_pos_L1_c9_nsample12","1724016406","pos","L1","c9","nsample12",NA,1,1,1
"577","1724016406_pos_L1_c9_nsample24","1724016406","pos","L1","c9","nsample24",NA,1,1,1
"578","1724016406_pos_L1_c9_nsample36","1724016406","pos","L1","c9","nsample36",NA,NA,1,1
"579","1724016406_pos_L1_c9_nsample48","1724016406","pos","L1","c9","nsample48",NA,NA,1,1
"580","1724016406_pos_L1_c9_nsample6","1724016406","pos","L1","c9","nsample6",1,1,0.811616952357523,1
"581","1724016406_pos_L2_c13_nsample12","1724016406","pos","L2","c13","nsample12",1,1,0.813556494254157,1
"582","1724016406_pos_L2_c13_nsample24","1724016406","pos","L2","c13","nsample24",NA,1,1,1
"583","1724016406_pos_L2_c13_nsample36","1724016406","pos","L2","c13","nsample36",NA,NA,1,0.999155999892263
"584","1724016406_pos_L2_c13_nsample48","1724016406","pos","L2","c13","nsample48",NA,NA,1,0.996402912006158
"585","1724016406_pos_L2_c13_nsample6","1724016406","pos","L2","c13","nsample6",1,0.932242309250602,0.500810827276538,1
"586","1724016406_pos_L2_c17_nsample12","1724016406","pos","L2","c17","nsample12",1,0.933562330141455,0.825058099119714,1
"587","1724016406_pos_L2_c17_nsample24","1724016406","pos","L2","c17","nsample24",NA,NA,0.9995351668886,1
"588","1724016406_pos_L2_c17_nsample36","1724016406","pos","L2","c17","nsample36",NA,NA,1,1
"589","1724016406_pos_L2_c17_nsample48","1724016406","pos","L2","c17","nsample48",NA,NA,1,0.999487247356979
"590","1724016406_pos_L2_c17_nsample6","1724016406","pos","L2","c17","nsample6",1,0.915060218434063,0.440816910894448,1
"591","1724016406_pos_L2_c5_nsample12","1724016406","pos","L2","c5","nsample12",1,1,0.360025446643001,1
"592","1724016406_pos_L2_c5_nsample24","1724016406","pos","L2","c5","nsample24",NA,1,0.392437648076793,0.997820844055064
"593","1724016406_pos_L2_c5_nsample36","1724016406","pos","L2","c5","nsample36",NA,NA,0.424811828292294,1
"594","1724016406_pos_L2_c5_nsample48","1724016406","pos","L2","c5","nsample48",NA,NA,0.421924460912751,0.99940051663245
"595","1724016406_pos_L2_c5_nsample6","1724016406","pos","L2","c5","nsample6",1,1,0.395055566029175,1
"596","1724016406_pos_L2_c9_nsample12","1724016406","pos","L2","c9","nsample12",1,1,0.397376483355562,1
"597","1724016406_pos_L2_c9_nsample24","1724016406","pos","L2","c9","nsample24",NA,1,0.457319610305052,0.998455628226502
"598","1724016406_pos_L2_c9_nsample36","1724016406","pos","L2","c9","nsample36",NA,NA,0.558252437836915,1
"599","1724016406_pos_L2_c9_nsample48","1724016406","pos","L2","c9","nsample48",NA,NA,0.562781270124338,0.998855490760562
"600","1724016406_pos_L2_c9_nsample6","1724016406","pos","L2","c9","nsample6",1,1,0.422515932552166,1
"601","1724016406_pos_L3_c13_nsample12","1724016406","pos","L3","c13","nsample12",1,1,0.854341937877118,1
"602","1724016406_pos_L3_c13_nsample24","1724016406","pos","L3","c13","nsample24",NA,1,1,0.999216843495923
"603","1724016406_pos_L3_c13_nsample36","1724016406","pos","L3","c13","nsample36",NA,NA,1,0.99896305688383
"604","1724016406_pos_L3_c13_nsample48","1724016406","pos","L3","c13","nsample48",NA,NA,1,1
"605","1724016406_pos_L3_c13_nsample6","1724016406","pos","L3","c13","nsample6",1,1,0.48851925204725,1
"606","1724016406_pos_L3_c17_nsample12","1724016406","pos","L3","c17","nsample12",1,1,0.902189392911191,1
"607","1724016406_pos_L3_c17_nsample24","1724016406","pos","L3","c17","nsample24",NA,NA,0.999601394101869,0.998974593322108
"608","1724016406_pos_L3_c17_nsample36","1724016406","pos","L3","c17","nsample36",NA,NA,1,1
"609","1724016406_pos_L3_c17_nsample48","1724016406","pos","L3","c17","nsample48",NA,NA,1,1
"610","1724016406_pos_L3_c17_nsample6","1724016406","pos","L3","c17","nsample6",1,0.896202628166035,0.44989710974452,1
"611","1724016406_pos_L3_c5_nsample12","1724016406","pos","L3","c5","nsample12",1,1,0.360025446643001,1
"612","1724016406_pos_L3_c5_nsample24","1724016406","pos","L3","c5","nsample24",NA,1,0.392251320235352,0.993330660237486
"613","1724016406_pos_L3_c5_nsample36","1724016406","pos","L3","c5","nsample36",NA,NA,0.410573365012288,1
"614","1724016406_pos_L3_c5_nsample48","1724016406","pos","L3","c5","nsample48",NA,NA,0.423763903298482,1
"615","1724016406_pos_L3_c5_nsample6","1724016406","pos","L3","c5","nsample6",1,1,0.395055566029175,1
"616","1724016406_pos_L3_c9_nsample12","1724016406","pos","L3","c9","nsample12",1,1,0.403470062840246,1
"617","1724016406_pos_L3_c9_nsample24","1724016406","pos","L3","c9","nsample24",NA,1,0.479956675973503,1
"618","1724016406_pos_L3_c9_nsample36","1724016406","pos","L3","c9","nsample36",NA,NA,0.649805572541482,0.998398674908323
"619","1724016406_pos_L3_c9_nsample48","1724016406","pos","L3","c9","nsample48",NA,NA,0.67975235491472,1
"620","1724016406_pos_L3_c9_nsample6","1724016406","pos","L3","c9","nsample6",1,1,0.423418129297953,1
"621","1724016406_pos_L4_c13_nsample12","1724016406","pos","L4","c13","nsample12",1,0.250261136765602,0.403146879266418,1
"622","1724016406_pos_L4_c13_nsample24","1724016406","pos","L4","c13","nsample24",NA,0.913170429872229,0.792471567205875,1
"623","1724016406_pos_L4_c13_nsample36","1724016406","pos","L4","c13","nsample36",NA,NA,0.969599240955554,1
"624","1724016406_pos_L4_c13_nsample48","1724016406","pos","L4","c13","nsample48",NA,NA,0.984304096128224,1
"625","1724016406_pos_L4_c13_nsample6","1724016406","pos","L4","c13","nsample6",1,0.217824837108057,0.241982898790819,1
"626","1724016406_pos_L4_c17_nsample12","1724016406","pos","L4","c17","nsample12",1,0.196210502829674,0.398054403159689,1
"627","1724016406_pos_L4_c17_nsample24","1724016406","pos","L4","c17","nsample24",NA,NA,0.629355367382905,1
"628","1724016406_pos_L4_c17_nsample36","1724016406","pos","L4","c17","nsample36",NA,NA,0.948613108151528,1
"629","1724016406_pos_L4_c17_nsample48","1724016406","pos","L4","c17","nsample48",NA,NA,0.962908149894353,1
"630","1724016406_pos_L4_c17_nsample6","1724016406","pos","L4","c17","nsample6",1,0.115133576475078,0.139695858735996,1
"631","1724016406_pos_L4_c5_nsample12","1724016406","pos","L4","c5","nsample12",1,1,0.360025446643001,1
"632","1724016406_pos_L4_c5_nsample24","1724016406","pos","L4","c5","nsample24",NA,1,0.392396904218817,1
"633","1724016406_pos_L4_c5_nsample36","1724016406","pos","L4","c5","nsample36",NA,NA,0.410358950602494,0.99904567065698
"634","1724016406_pos_L4_c5_nsample48","1724016406","pos","L4","c5","nsample48",NA,NA,0.421045252857381,1
"635","1724016406_pos_L4_c5_nsample6","1724016406","pos","L4","c5","nsample6",1,0.727906217498682,0.199463655399909,1
"636","1724016406_pos_L4_c9_nsample12","1724016406","pos","L4","c9","nsample12",1,0.55886213514784,0.394567444747506,1
"637","1724016406_pos_L4_c9_nsample24","1724016406","pos","L4","c9","nsample24",NA,0.999902917892012,0.449082837566421,1
"638","1724016406_pos_L4_c9_nsample36","1724016406","pos","L4","c9","nsample36",NA,NA,0.557390991192251,1
"639","1724016406_pos_L4_c9_nsample48","1724016406","pos","L4","c9","nsample48",NA,NA,0.595893602425734,1
"640","1724016406_pos_L4_c9_nsample6","1724016406","pos","L4","c9","nsample6",1,0.35722682166887,0.395677507596837,1
"641","1724016428_neg_L1_c13_nsample12","1724016428","neg","L1","c13","nsample12",NA,1,1,1
"642","1724016428_neg_L1_c13_nsample24","1724016428","neg","L1","c13","nsample24",NA,1,1,1
"643","1724016428_neg_L1_c13_nsample36","1724016428","neg","L1","c13","nsample36",NA,NA,1,0.998858792505257
"644","1724016428_neg_L1_c13_nsample48","1724016428","neg","L1","c13","nsample48",NA,NA,1,1
"645","1724016428_neg_L1_c13_nsample6","1724016428","neg","L1","c13","nsample6",1,1,1,1
"646","1724016428_neg_L1_c17_nsample12","1724016428","neg","L1","c17","nsample12",1,1,1,1
"647","1724016428_neg_L1_c17_nsample24","1724016428","neg","L1","c17","nsample24",NA,1,1,1
"648","1724016428_neg_L1_c17_nsample36","1724016428","neg","L1","c17","nsample36",NA,NA,1,1
"649","1724016428_neg_L1_c17_nsample48","1724016428","neg","L1","c17","nsample48",NA,NA,1,1
"650","1724016428_neg_L1_c17_nsample6","1724016428","neg","L1","c17","nsample6",1,1,1,1
"651","1724016428_neg_L1_c5_nsample12","1724016428","neg","L1","c5","nsample12",NA,1,0.85913830886046,1
"652","1724016428_neg_L1_c5_nsample24","1724016428","neg","L1","c5","nsample24",NA,1,0.97948584324554,1
"653","1724016428_neg_L1_c5_nsample36","1724016428","neg","L1","c5","nsample36",NA,NA,1,1
"654","1724016428_neg_L1_c5_nsample48","1724016428","neg","L1","c5","nsample48",NA,NA,1,1
"655","1724016428_neg_L1_c5_nsample6","1724016428","neg","L1","c5","nsample6",1,1,0.191316031119054,1
"656","1724016428_neg_L1_c9_nsample12","1724016428","neg","L1","c9","nsample12",1,1,1,1
"657","1724016428_neg_L1_c9_nsample24","1724016428","neg","L1","c9","nsample24",NA,1,1,1
"658","1724016428_neg_L1_c9_nsample36","1724016428","neg","L1","c9","nsample36",NA,NA,1,1
"659","1724016428_neg_L1_c9_nsample48","1724016428","neg","L1","c9","nsample48",NA,NA,1,1
"660","1724016428_neg_L1_c9_nsample6","1724016428","neg","L1","c9","nsample6",1,1,0.907677299191964,1
"661","1724016428_neg_L2_c13_nsample12","1724016428","neg","L2","c13","nsample12",1,1,0.996101356022618,1
"662","1724016428_neg_L2_c13_nsample24","1724016428","neg","L2","c13","nsample24",NA,1,1,0.999046309271099
"663","1724016428_neg_L2_c13_nsample36","1724016428","neg","L2","c13","nsample36",NA,NA,0.998701618597517,0.998322172283959
"664","1724016428_neg_L2_c13_nsample48","1724016428","neg","L2","c13","nsample48",NA,NA,1,1
"665","1724016428_neg_L2_c13_nsample6","1724016428","neg","L2","c13","nsample6",1,1,0.493816667312506,1
"666","1724016428_neg_L2_c17_nsample12","1724016428","neg","L2","c17","nsample12",1,1,0.962801408292108,1
"667","1724016428_neg_L2_c17_nsample24","1724016428","neg","L2","c17","nsample24",NA,NA,1,1
"668","1724016428_neg_L2_c17_nsample36","1724016428","neg","L2","c17","nsample36",NA,NA,1,0.999170214448279
"669","1724016428_neg_L2_c17_nsample48","1724016428","neg","L2","c17","nsample48",NA,NA,1,1
"670","1724016428_neg_L2_c17_nsample6","1724016428","neg","L2","c17","nsample6",1,0.928354238819668,0.437385793363242,1
"671","1724016428_neg_L2_c5_nsample12","1724016428","neg","L2","c5","nsample12",1,1,0.372767299258565,1
"672","1724016428_neg_L2_c5_nsample24","1724016428","neg","L2","c5","nsample24",NA,1,0.360353137433957,0.994342591102836
"673","1724016428_neg_L2_c5_nsample36","1724016428","neg","L2","c5","nsample36",NA,NA,0.356788990261339,0.998926337269343
"674","1724016428_neg_L2_c5_nsample48","1724016428","neg","L2","c5","nsample48",NA,NA,0.372566118769135,0.998705333272903
"675","1724016428_neg_L2_c5_nsample6","1724016428","neg","L2","c5","nsample6",1,1,0.397807963708884,1
"676","1724016428_neg_L2_c9_nsample12","1724016428","neg","L2","c9","nsample12",1,1,0.478004937541987,1
"677","1724016428_neg_L2_c9_nsample24","1724016428","neg","L2","c9","nsample24",NA,1,0.548540693759553,0.998738968475822
"678","1724016428_neg_L2_c9_nsample36","1724016428","neg","L2","c9","nsample36",NA,NA,0.550495957564094,1
"679","1724016428_neg_L2_c9_nsample48","1724016428","neg","L2","c9","nsample48",NA,NA,0.635305597709178,0.999213118901237
"680","1724016428_neg_L2_c9_nsample6","1724016428","neg","L2","c9","nsample6",1,1,0.423178409780688,1
"681","1724016428_neg_L3_c13_nsample12","1724016428","neg","L3","c13","nsample12",1,1,0.990118909990145,1
"682","1724016428_neg_L3_c13_nsample24","1724016428","neg","L3","c13","nsample24",NA,1,1,0.998925446934182
"683","1724016428_neg_L3_c13_nsample36","1724016428","neg","L3","c13","nsample36",NA,NA,1,1
"684","1724016428_neg_L3_c13_nsample48","1724016428","neg","L3","c13","nsample48",NA,NA,1,1
"685","1724016428_neg_L3_c13_nsample6","1724016428","neg","L3","c13","nsample6",1,0.93153158050875,0.490260983602107,1
"686","1724016428_neg_L3_c17_nsample12","1724016428","neg","L3","c17","nsample12",1,1,0.992754014696948,1
"687","1724016428_neg_L3_c17_nsample24","1724016428","neg","L3","c17","nsample24",NA,NA,1,1
"688","1724016428_neg_L3_c17_nsample36","1724016428","neg","L3","c17","nsample36",NA,NA,1,1
"689","1724016428_neg_L3_c17_nsample48","1724016428","neg","L3","c17","nsample48",NA,NA,1,1
"690","1724016428_neg_L3_c17_nsample6","1724016428","neg","L3","c17","nsample6",1,0.991318870747459,0.440273929379478,1
"691","1724016428_neg_L3_c5_nsample12","1724016428","neg","L3","c5","nsample12",1,1,0.372767299258565,1
"692","1724016428_neg_L3_c5_nsample24","1724016428","neg","L3","c5","nsample24",NA,1,0.360353137433957,0.99191522693646
"693","1724016428_neg_L3_c5_nsample36","1724016428","neg","L3","c5","nsample36",NA,NA,0.356705405144883,0.993625923591977
"694","1724016428_neg_L3_c5_nsample48","1724016428","neg","L3","c5","nsample48",NA,NA,0.364757861540222,1
"695","1724016428_neg_L3_c5_nsample6","1724016428","neg","L3","c5","nsample6",1,1,0.397807963708884,1
"696","1724016428_neg_L3_c9_nsample12","1724016428","neg","L3","c9","nsample12",1,1,0.509146430875801,1
"697","1724016428_neg_L3_c9_nsample24","1724016428","neg","L3","c9","nsample24",NA,1,0.549531101353618,0.996264821218001
"698","1724016428_neg_L3_c9_nsample36","1724016428","neg","L3","c9","nsample36",NA,NA,0.575597650846695,0.999217022209489
"699","1724016428_neg_L3_c9_nsample48","1724016428","neg","L3","c9","nsample48",NA,NA,0.71794269251892,1
"700","1724016428_neg_L3_c9_nsample6","1724016428","neg","L3","c9","nsample6",1,1,0.423178409780688,1
"701","1724016428_neg_L4_c13_nsample12","1724016428","neg","L4","c13","nsample12",1,0.340361938923245,0.406748534349716,1
"702","1724016428_neg_L4_c13_nsample24","1724016428","neg","L4","c13","nsample24",NA,0.994510872514613,0.800441924861133,1
"703","1724016428_neg_L4_c13_nsample36","1724016428","neg","L4","c13","nsample36",NA,NA,0.961935534757542,1
"704","1724016428_neg_L4_c13_nsample48","1724016428","neg","L4","c13","nsample48",NA,NA,0.991092829389948,1
"705","1724016428_neg_L4_c13_nsample6","1724016428","neg","L4","c13","nsample6",1,0.20247888821942,0.340355404378036,1
"706","1724016428_neg_L4_c17_nsample12","1724016428","neg","L4","c17","nsample12",1,0.192535432890311,0.411259082972125,1
"707","1724016428_neg_L4_c17_nsample24","1724016428","neg","L4","c17","nsample24",NA,NA,0.630767681894858,1
"708","1724016428_neg_L4_c17_nsample36","1724016428","neg","L4","c17","nsample36",NA,NA,0.960331514374288,1
"709","1724016428_neg_L4_c17_nsample48","1724016428","neg","L4","c17","nsample48",NA,NA,1,1
"710","1724016428_neg_L4_c17_nsample6","1724016428","neg","L4","c17","nsample6",1,0.0887167466464379,0.143605876378712,1
"711","1724016428_neg_L4_c5_nsample12","1724016428","neg","L4","c5","nsample12",1,1,0.372767299258565,1
"712","1724016428_neg_L4_c5_nsample24","1724016428","neg","L4","c5","nsample24",NA,1,0.355908283376549,1
"713","1724016428_neg_L4_c5_nsample36","1724016428","neg","L4","c5","nsample36",NA,NA,0.356685617291759,0.999169013993768
"714","1724016428_neg_L4_c5_nsample48","1724016428","neg","L4","c5","nsample48",NA,NA,0.354628888929116,1
"715","1724016428_neg_L4_c5_nsample6","1724016428","neg","L4","c5","nsample6",1,0.710858194628899,0.333650138500643,1
"716","1724016428_neg_L4_c9_nsample12","1724016428","neg","L4","c9","nsample12",1,0.866691824069208,0.398040389379593,1
"717","1724016428_neg_L4_c9_nsample24","1724016428","neg","L4","c9","nsample24",NA,1,0.484862543752437,1
"718","1724016428_neg_L4_c9_nsample36","1724016428","neg","L4","c9","nsample36",NA,NA,0.544004277429074,1
"719","1724016428_neg_L4_c9_nsample48","1724016428","neg","L4","c9","nsample48",NA,NA,0.601986838709335,1
"720","1724016428_neg_L4_c9_nsample6","1724016428","neg","L4","c9","nsample6",1,0.189459667723812,0.298086982298575,1
"721","1724016428_pos_L1_c13_nsample12","1724016428","pos","L1","c13","nsample12",1,1,1,1
"722","1724016428_pos_L1_c13_nsample24","1724016428","pos","L1","c13","nsample24",NA,1,1,1
"723","1724016428_pos_L1_c13_nsample36","1724016428","pos","L1","c13","nsample36",NA,NA,1,1
"724","1724016428_pos_L1_c13_nsample48","1724016428","pos","L1","c13","nsample48",NA,NA,1,1
"725","1724016428_pos_L1_c13_nsample6","1724016428","pos","L1","c13","nsample6",1,1,1,1
"726","1724016428_pos_L1_c17_nsample12","1724016428","pos","L1","c17","nsample12",1,1,1,1
"727","1724016428_pos_L1_c17_nsample24","1724016428","pos","L1","c17","nsample24",NA,NA,1,0.998406840302292
"728","1724016428_pos_L1_c17_nsample36","1724016428","pos","L1","c17","nsample36",NA,NA,1,1
"729","1724016428_pos_L1_c17_nsample48","1724016428","pos","L1","c17","nsample48",NA,NA,1,1
"730","1724016428_pos_L1_c17_nsample6","1724016428","pos","L1","c17","nsample6",1,1,1,1
"731","1724016428_pos_L1_c5_nsample12","1724016428","pos","L1","c5","nsample12",1,1,0.580396063593136,1
"732","1724016428_pos_L1_c5_nsample24","1724016428","pos","L1","c5","nsample24",NA,1,1,0.998431247692832
"733","1724016428_pos_L1_c5_nsample36","1724016428","pos","L1","c5","nsample36",NA,NA,1,1
"734","1724016428_pos_L1_c5_nsample48","1724016428","pos","L1","c5","nsample48",NA,NA,1,1
"735","1724016428_pos_L1_c5_nsample6","1724016428","pos","L1","c5","nsample6",1,1,0.196796888179505,1
"736","1724016428_pos_L1_c9_nsample12","1724016428","pos","L1","c9","nsample12",1,1,0.994692495256148,1
"737","1724016428_pos_L1_c9_nsample24","1724016428","pos","L1","c9","nsample24",NA,1,1,1
"738","1724016428_pos_L1_c9_nsample36","1724016428","pos","L1","c9","nsample36",NA,NA,1,1
"739","1724016428_pos_L1_c9_nsample48","1724016428","pos","L1","c9","nsample48",NA,NA,1,1
"740","1724016428_pos_L1_c9_nsample6","1724016428","pos","L1","c9","nsample6",1,1,0.871995830952257,1
"741","1724016428_pos_L2_c13_nsample12","1724016428","pos","L2","c13","nsample12",1,1,1,1
"742","1724016428_pos_L2_c13_nsample24","1724016428","pos","L2","c13","nsample24",NA,1,0.998335811200786,0.996474642508846
"743","1724016428_pos_L2_c13_nsample36","1724016428","pos","L2","c13","nsample36",NA,NA,1,1
"744","1724016428_pos_L2_c13_nsample48","1724016428","pos","L2","c13","nsample48",NA,NA,1,0.995565601363862
"745","1724016428_pos_L2_c13_nsample6","1724016428","pos","L2","c13","nsample6",1,1,0.519893086124458,1
"746","1724016428_pos_L2_c17_nsample12","1724016428","pos","L2","c17","nsample12",1,1,0.977562446103579,1
"747","1724016428_pos_L2_c17_nsample24","1724016428","pos","L2","c17","nsample24",NA,NA,1,0.998716799290388
"748","1724016428_pos_L2_c17_nsample36","1724016428","pos","L2","c17","nsample36",NA,NA,1,0.997048544672589
"749","1724016428_pos_L2_c17_nsample48","1724016428","pos","L2","c17","nsample48",NA,NA,1,0.999682887145405
"750","1724016428_pos_L2_c17_nsample6","1724016428","pos","L2","c17","nsample6",1,0.914356054789109,0.454945505384204,1
"751","1724016428_pos_L2_c5_nsample12","1724016428","pos","L2","c5","nsample12",1,1,0.360513105496489,1
"752","1724016428_pos_L2_c5_nsample24","1724016428","pos","L2","c5","nsample24",NA,1,0.392528017235843,1
"753","1724016428_pos_L2_c5_nsample36","1724016428","pos","L2","c5","nsample36",NA,NA,0.408680615793084,0.996317779570702
"754","1724016428_pos_L2_c5_nsample48","1724016428","pos","L2","c5","nsample48",NA,NA,0.428164526287236,0.998526858860416
"755","1724016428_pos_L2_c5_nsample6","1724016428","pos","L2","c5","nsample6",1,1,0.395737606212407,1
"756","1724016428_pos_L2_c9_nsample12","1724016428","pos","L2","c9","nsample12",1,1,0.424985068703941,0.997170226605973
"757","1724016428_pos_L2_c9_nsample24","1724016428","pos","L2","c9","nsample24",NA,1,0.526902291481439,1
"758","1724016428_pos_L2_c9_nsample36","1724016428","pos","L2","c9","nsample36",NA,NA,0.507626364714647,0.995520811095614
"759","1724016428_pos_L2_c9_nsample48","1724016428","pos","L2","c9","nsample48",NA,NA,0.594362080003124,0.998671758671466
"760","1724016428_pos_L2_c9_nsample6","1724016428","pos","L2","c9","nsample6",1,1,0.426033366411608,1
"761","1724016428_pos_L3_c13_nsample12","1724016428","pos","L3","c13","nsample12",1,1,0.988517906737478,1
"762","1724016428_pos_L3_c13_nsample24","1724016428","pos","L3","c13","nsample24",NA,1,1,0.997798312642865
"763","1724016428_pos_L3_c13_nsample36","1724016428","pos","L3","c13","nsample36",NA,NA,1,0.996677074300499
"764","1724016428_pos_L3_c13_nsample48","1724016428","pos","L3","c13","nsample48",NA,NA,1,1
"765","1724016428_pos_L3_c13_nsample6","1724016428","pos","L3","c13","nsample6",1,0.942573379053394,0.567275612819587,1
"766","1724016428_pos_L3_c17_nsample12","1724016428","pos","L3","c17","nsample12",1,1,0.99030354011642,1
"767","1724016428_pos_L3_c17_nsample24","1724016428","pos","L3","c17","nsample24",NA,NA,1,0.99755629863853
"768","1724016428_pos_L3_c17_nsample36","1724016428","pos","L3","c17","nsample36",NA,NA,1,1
"769","1724016428_pos_L3_c17_nsample48","1724016428","pos","L3","c17","nsample48",NA,NA,1,1
"770","1724016428_pos_L3_c17_nsample6","1724016428","pos","L3","c17","nsample6",1,0.871146283612126,0.454550362677189,1
"771","1724016428_pos_L3_c5_nsample12","1724016428","pos","L3","c5","nsample12",1,1,0.360513105496489,1
"772","1724016428_pos_L3_c5_nsample24","1724016428","pos","L3","c5","nsample24",NA,1,0.39251829023306,0.989756828785732
"773","1724016428_pos_L3_c5_nsample36","1724016428","pos","L3","c5","nsample36",NA,NA,0.410134357970881,0.999517673487876
"774","1724016428_pos_L3_c5_nsample48","1724016428","pos","L3","c5","nsample48",NA,NA,0.432011192995688,1
"775","1724016428_pos_L3_c5_nsample6","1724016428","pos","L3","c5","nsample6",1,1,0.395737606212407,1
"776","1724016428_pos_L3_c9_nsample12","1724016428","pos","L3","c9","nsample12",1,1,0.527674800556354,1
"777","1724016428_pos_L3_c9_nsample24","1724016428","pos","L3","c9","nsample24",NA,1,0.599009422266304,0.998796649764566
"778","1724016428_pos_L3_c9_nsample36","1724016428","pos","L3","c9","nsample36",NA,NA,0.613871953261329,0.998132582488183
"779","1724016428_pos_L3_c9_nsample48","1724016428","pos","L3","c9","nsample48",NA,NA,0.723550622655418,1
"780","1724016428_pos_L3_c9_nsample6","1724016428","pos","L3","c9","nsample6",1,1,0.427155680357692,1
"781","1724016428_pos_L4_c13_nsample12","1724016428","pos","L4","c13","nsample12",1,0.387871504832351,0.402521096222348,1
"782","1724016428_pos_L4_c13_nsample24","1724016428","pos","L4","c13","nsample24",NA,0.991947132719716,0.782348005852344,1
"783","1724016428_pos_L4_c13_nsample36","1724016428","pos","L4","c13","nsample36",NA,NA,0.938435583838502,1
"784","1724016428_pos_L4_c13_nsample48","1724016428","pos","L4","c13","nsample48",NA,NA,0.992563279152408,1
"785","1724016428_pos_L4_c13_nsample6","1724016428","pos","L4","c13","nsample6",0.978929357555077,0.21975482771368,0.254835202489129,1
"786","1724016428_pos_L4_c17_nsample12","1724016428","pos","L4","c17","nsample12",NA,0.305270955276403,0.390661901386383,1
"787","1724016428_pos_L4_c17_nsample24","1724016428","pos","L4","c17","nsample24",NA,NA,0.568106428886984,1
"788","1724016428_pos_L4_c17_nsample36","1724016428","pos","L4","c17","nsample36",NA,NA,0.956255542439697,1
"789","1724016428_pos_L4_c17_nsample48","1724016428","pos","L4","c17","nsample48",NA,NA,0.991627533944989,1
"790","1724016428_pos_L4_c17_nsample6","1724016428","pos","L4","c17","nsample6",1,0.184064510043326,0.135302300417782,1
"791","1724016428_pos_L4_c5_nsample12","1724016428","pos","L4","c5","nsample12",1,1,0.360513105496489,1
"792","1724016428_pos_L4_c5_nsample24","1724016428","pos","L4","c5","nsample24",NA,1,0.392499747916857,0.998379627934662
"793","1724016428_pos_L4_c5_nsample36","1724016428","pos","L4","c5","nsample36",NA,NA,0.422200996473828,0.997940587742537
"794","1724016428_pos_L4_c5_nsample48","1724016428","pos","L4","c5","nsample48",NA,NA,0.419770203975093,1
"795","1724016428_pos_L4_c5_nsample6","1724016428","pos","L4","c5","nsample6",1,0.673617934651701,0.200288225365061,1
"796","1724016428_pos_L4_c9_nsample12","1724016428","pos","L4","c9","nsample12",NA,0.883710233083518,0.393255325154273,1
"797","1724016428_pos_L4_c9_nsample24","1724016428","pos","L4","c9","nsample24",NA,1,0.496373648263888,1
"798","1724016428_pos_L4_c9_nsample36","1724016428","pos","L4","c9","nsample36",NA,NA,0.517874722668296,0.99909985025092
"799","1724016428_pos_L4_c9_nsample48","1724016428","pos","L4","c9","nsample48",NA,NA,0.54582913879271,1
"800","1724016428_pos_L4_c9_nsample6","1724016428","pos","L4","c9","nsample6",1,0.281940008228578,0.375370448465889,1
