"","scSTMType","modelType","seed","nCellType","nSample","Batch","CancerType","Num_iter","Num_init","max_llh","llh5","llh10","llh15","llh30","llh50","pooled_scSTMseq"
"1","scSTM_Sensitivity_Pooled_Content_Prevalence_Time","NullModel","1740763219",10,10,TRUE,TRUE,10,15,-766330640.99301,-767799506.806906,-767108185.104971,-766847966.567664,-766533312.085872,-766391015.965843,0.852234691320735
"2","scSTM_Sensitivity_Pooled_Content_Prevalence_Time","NullModel","1740763223",10,10,TRUE,TRUE,10,15,-807761636.359895,-808858543.217775,-808465370.692199,-808294411.155777,-808055416.447417,-807881669.026113,0.951916967720962
"3","scSTM_Sensitivity_Pooled_Content_Prevalence_Time","NullModel","1740763228",10,10,TRUE,TRUE,10,15,-820130785.557316,-821123772.158796,-820774800.816914,-820614060.808166,-820419844.631027,-820276179.221725,0.944584336234329
"4","scSTM_Sensitivity_Pooled_Content_Prevalence_Time","NullModel","1740763236",10,10,TRUE,TRUE,10,15,-719804216.541209,-720858074.978377,-720324196.511498,-720169039.852856,-720007654.496898,-719891828.747254,0.95450156660933
"5","scSTM_Sensitivity_Pooled_Content_Prevalence_Time","NullModel","1740763244",10,10,TRUE,TRUE,10,15,-778659441.00734,-780513963.639561,-779639425.058317,-779307611.96422,-778913052.60734,-778737695.532872,0.945320869915995
"6","scSTM_Sensitivity_Pooled_Content_Prevalence_Time","NullModel","1740763246",10,10,TRUE,TRUE,10,15,-822734771.53867,-823805854.133397,-823082849.608154,-822902717.736117,-822774743.25182,NA,0.982759382538141
"7","scSTM_Sensitivity_Pooled_Content_Prevalence_Time","NullModel","1740763250",10,10,TRUE,TRUE,10,15,-696217345.268389,-697356040.384747,-696901816.530175,-696713036.923013,-696494912.631319,-696332981.572796,0.87778617847033
"8","scSTM_Sensitivity_Pooled_Content_Prevalence_Time","NullModel","1740763254",10,10,TRUE,TRUE,10,15,-825778867.967998,-827186839.600402,-826411793.432548,-826158034.781083,-825857910.378795,-825781394.001618,0.95725303812667
"9","scSTM_Sensitivity_Pooled_Content_Prevalence_Time","NullModel","1740763256",10,10,TRUE,TRUE,10,15,-750127304.386837,-751174687.465821,-750841849.588014,-750650201.446506,-750374658.465338,-750229102.337031,0.918292162096373
"10","scSTM_Sensitivity_Pooled_Content_Prevalence_Time","NullModel","1740763269",10,10,TRUE,TRUE,10,15,-814769756.622301,-816099277.636286,-815526614.094496,-815326954.063469,-815064084.463704,-814919050.923168,0.899534441375981
"11","scSTM_Sensitivity_Pooled_Content_Prevalence_Time","NullModel","1740763284",10,10,TRUE,TRUE,10,15,-703606890.8116,-705157185.987701,-704182187.69871,-703932459.184736,-703684458.73809,NA,0.860385703596319
"12","scSTM_Sensitivity_Pooled_Content_Prevalence_Time","NullModel","1740763287",10,10,TRUE,TRUE,10,15,-790500653.177171,-792107980.687297,-791727772.203748,-791511003.194849,-791180063.92,-790919596.092842,0.878646206055026
"13","scSTM_Sensitivity_Pooled_Content_Prevalence_Time","NullModel","1740763297",10,10,TRUE,TRUE,10,15,-748742077.442936,-749819748.538471,-749396948.31166,-749255916.482187,-749080925.084235,-748911932.409902,0.900739352551703
"14","scSTM_Sensitivity_Pooled_Content_Prevalence_Time","NullModel","1740763305",10,10,TRUE,TRUE,10,15,-798969364.667729,-800107828.971641,-799705437.344342,-799487270.144495,-799203304.247047,-799035594.200054,0.965359771803217
"15","scSTM_Sensitivity_Pooled_Content_Prevalence_Time","NullModel","1740763313",10,10,TRUE,TRUE,10,15,-722228574.053277,-723417934.171681,-722562634.875766,-722348121.201568,-722261253.847842,NA,0.975534179566207
"16","scSTM_Sensitivity_Pooled_Content_Prevalence_Time","NullModel","1740763316",10,10,TRUE,TRUE,10,15,-789401734.511483,-790908495.727964,-790324031.174778,-790041538.618533,-789648673.950501,-789452828.065789,0.885233803966063
"17","scSTM_Sensitivity_Pooled_Content_Prevalence_Time","NullModel","1740763321",10,10,TRUE,TRUE,10,15,-720641337.366956,-721632129.796404,-721249272.043217,-721094025.941154,-720871082.690362,-720717526.223715,0.818242116193886
"18","scSTM_Sensitivity_Pooled_Content_Prevalence_Time","NullModel","1740763336",10,10,TRUE,TRUE,10,15,-767321650.123561,-768386674.755684,-767951787.362643,-767770306.237566,-767499377.192641,-767362452.414157,0.984606578216859
"19","scSTM_Sensitivity_Pooled_Content_Prevalence_Time","NullModel","1740763365",10,10,TRUE,TRUE,10,15,-723722287.656265,-724412370.955299,-724184329.947705,-724050322.25331,-723855111.077053,-723755123.274261,0.951833997825262
"20","scSTM_Sensitivity_Pooled_Content_Prevalence_Time","NullModel","1740763381",10,10,TRUE,TRUE,10,15,-806050116.190851,-807942661.371103,-806776587.59401,-806427197.747404,-806159681.589989,-806059717.416055,0.756822225056762
"21","scSTM_Sensitivity_Pooled_Content_Prevalence_Time","NullModel","1740763219",10,10,TRUE,TRUE,10,5,-766334819.633974,-767799300.862315,-767107994.586812,-766847863.799815,-766533882.781181,-766391876.943985,0.851800376490531
"22","scSTM_Sensitivity_Pooled_Content_Prevalence_Time","NullModel","1740763223",10,10,TRUE,TRUE,10,5,-807772527.950563,-808869022.199295,-808466992.588165,-808266196.706836,-808039048.107573,-807918825.37362,0.957172565511551
"23","scSTM_Sensitivity_Pooled_Content_Prevalence_Time","NullModel","1740763228",10,10,TRUE,TRUE,10,5,-820130696.082321,-821122454.71263,-820774651.532087,-820614493.886365,-820419537.144559,-820274991.839325,0.944721917432327
"24","scSTM_Sensitivity_Pooled_Content_Prevalence_Time","NullModel","1740763236",10,10,TRUE,TRUE,10,5,-719888889.966731,-721508145.501143,-720578769.821754,-720266992.971855,-719997961.278445,-719921787.377999,0.939215276313008
"25","scSTM_Sensitivity_Pooled_Content_Prevalence_Time","NullModel","1740763244",10,10,TRUE,TRUE,10,5,-778624388.728697,-780494840.655152,-780043345.69848,-779783895.780583,-779297455.223931,-778925219.34357,0.840247907358144
"26","scSTM_Sensitivity_Pooled_Content_Prevalence_Time","NullModel","1740763246",10,10,TRUE,TRUE,10,5,-822734771.53867,-823805854.133397,-823082849.608154,-822902717.736117,-822774743.25182,NA,0.982759382538141
"27","scSTM_Sensitivity_Pooled_Content_Prevalence_Time","NullModel","1740763250",10,10,TRUE,TRUE,10,5,-696129254.682599,-698410426.05032,-697164004.241673,-696658331.812443,-696217315.949403,-696129254.682599,0.953654828173292
"28","scSTM_Sensitivity_Pooled_Content_Prevalence_Time","NullModel","1740763254",10,10,TRUE,TRUE,10,5,-825778867.967998,-827186839.600402,-826411793.432548,-826158034.781083,-825857910.378795,-825781394.001618,0.95725303812667
"29","scSTM_Sensitivity_Pooled_Content_Prevalence_Time","NullModel","1740763256",10,10,TRUE,TRUE,10,5,-750127478.161606,-751174194.334317,-750842175.011391,-750650669.6439,-750375999.662367,-750229888.545783,0.918292162096373
"30","scSTM_Sensitivity_Pooled_Content_Prevalence_Time","NullModel","1740763269",10,10,TRUE,TRUE,10,5,-814625591.500398,-817181389.089036,-815869133.028366,-815394147.151965,-814880515.33622,-814695516.33805,0.887415383824445
"31","scSTM_Sensitivity_Pooled_Content_Prevalence_Time","NullModel","1740763284",10,10,TRUE,TRUE,10,5,-703606890.8116,-705157185.987701,-704182187.69871,-703932459.184736,-703684458.73809,NA,0.860385703596319
"32","scSTM_Sensitivity_Pooled_Content_Prevalence_Time","NullModel","1740763287",10,10,TRUE,TRUE,10,5,-790504641.175322,-792109140.043904,-791728307.443021,-791511929.656129,-791185939.644637,-790925093.901458,0.878078938128536
"33","scSTM_Sensitivity_Pooled_Content_Prevalence_Time","NullModel","1740763297",10,10,TRUE,TRUE,10,5,-748761693.677121,-750550135.197029,-749554846.950571,-749184998.907699,-748867308.475121,-748776245.36115,0.917371300504579
"34","scSTM_Sensitivity_Pooled_Content_Prevalence_Time","NullModel","1740763305",10,10,TRUE,TRUE,10,5,-798953810.935358,-800110838.576248,-799708659.968553,-799490180.770586,-799203940.804151,-799037101.030565,0.964986091734351
"35","scSTM_Sensitivity_Pooled_Content_Prevalence_Time","NullModel","1740763313",10,10,TRUE,TRUE,10,5,-722228574.053277,-723417934.171681,-722562634.875766,-722348121.201568,-722261253.847842,NA,0.975534179566207
"36","scSTM_Sensitivity_Pooled_Content_Prevalence_Time","NullModel","1740763316",10,10,TRUE,TRUE,10,5,-789402788.426894,-790908003.226495,-790326134.506834,-790044353.153716,-789652023.861055,-789454542.779542,0.884902496159091
"37","scSTM_Sensitivity_Pooled_Content_Prevalence_Time","NullModel","1740763321",10,10,TRUE,TRUE,10,5,-720652830.817704,-721633987.419289,-721248054.84,-721090360.69129,-720868904.8742,-720708088.219322,0.821218696691637
"38","scSTM_Sensitivity_Pooled_Content_Prevalence_Time","NullModel","1740763336",10,10,TRUE,TRUE,10,5,-767319771.762226,-768387423.434882,-767951661.104028,-767769659.475057,-767498548.299745,-767362173.632159,0.984606578216859
"39","scSTM_Sensitivity_Pooled_Content_Prevalence_Time","NullModel","1740763365",10,10,TRUE,TRUE,10,5,-723727137.092542,-724412726.759666,-724184706.928837,-724050311.101399,-723857982.930616,-723756296.755888,0.954412393147379
"40","scSTM_Sensitivity_Pooled_Content_Prevalence_Time","NullModel","1740763381",10,10,TRUE,TRUE,10,5,-806050116.190851,-807942661.371103,-806776587.59401,-806427197.747404,-806159681.589989,-806059717.416055,0.756822225056762
"41","scSTM_Sensitivity_Pooled_Content_Prevalence_Time","NullModel","1740763219",10,10,TRUE,TRUE,10,50,-766348263.347754,-767798580.217664,-767109020.100269,-766849106.185567,-766533404.541786,-766389622.481953,0.848109117416138
"42","scSTM_Sensitivity_Pooled_Content_Prevalence_Time","NullModel","1740763223",10,10,TRUE,TRUE,10,50,-807771975.091485,-808871022.572962,-808469289.606866,-808267718.677599,-808039390.482465,-807919552.430363,0.956832900628601
"43","scSTM_Sensitivity_Pooled_Content_Prevalence_Time","NullModel","1740763228",10,10,TRUE,TRUE,10,50,-820130978.979979,-821122600.965069,-820774624.887186,-820614314.440732,-820419435.282167,-820275046.727777,0.944721917432327
"44","scSTM_Sensitivity_Pooled_Content_Prevalence_Time","NullModel","1740763236",10,10,TRUE,TRUE,10,50,-719809744.007413,-720855019.973329,-720323310.457517,-720168165.06702,-720004826.526279,-719889506.579001,0.954749115382448
"45","scSTM_Sensitivity_Pooled_Content_Prevalence_Time","NullModel","1740763244",10,10,TRUE,TRUE,10,50,-778659441.00734,-780513963.639561,-779639425.058317,-779307611.96422,-778913052.60734,-778737695.532872,0.945320869915995
"46","scSTM_Sensitivity_Pooled_Content_Prevalence_Time","NullModel","1740763246",10,10,TRUE,TRUE,10,50,-822734771.53867,-823805854.133397,-823082849.608154,-822902717.736117,-822774743.25182,NA,0.982759382538141
"47","scSTM_Sensitivity_Pooled_Content_Prevalence_Time","NullModel","1740763250",10,10,TRUE,TRUE,10,50,-696217372.915385,-697356004.264013,-696901718.256082,-696713630.325741,-696495698.705875,-696330975.147693,0.877139406811856
"48","scSTM_Sensitivity_Pooled_Content_Prevalence_Time","NullModel","1740763254",10,10,TRUE,TRUE,10,50,-825778867.967998,-827186839.600402,-826411793.432548,-826158034.781083,-825857910.378795,-825781394.001618,0.95725303812667
"49","scSTM_Sensitivity_Pooled_Content_Prevalence_Time","NullModel","1740763256",10,10,TRUE,TRUE,10,50,-750136908.233038,-751174626.568261,-750841711.608214,-750650085.04843,-750374923.502672,-750228750.087142,0.918027320775399
"50","scSTM_Sensitivity_Pooled_Content_Prevalence_Time","NullModel","1740763269",10,10,TRUE,TRUE,10,50,-814766610.354733,-816100082.049168,-815527436.151166,-815328741.292668,-815066882.489635,-814919290.220451,0.899534441375981
"51","scSTM_Sensitivity_Pooled_Content_Prevalence_Time","NullModel","1740763284",10,10,TRUE,TRUE,10,50,-703606890.8116,-705157185.987701,-704182187.69871,-703932459.184736,-703684458.73809,NA,0.860385703596319
"52","scSTM_Sensitivity_Pooled_Content_Prevalence_Time","NullModel","1740763287",10,10,TRUE,TRUE,10,50,-790487340.51657,-792105279.738163,-791723432.801875,-791504410.753092,-791167068.611339,-790890954.252221,0.881106784638508
"53","scSTM_Sensitivity_Pooled_Content_Prevalence_Time","NullModel","1740763297",10,10,TRUE,TRUE,10,50,-748742869.084411,-749818634.087887,-749395584.526743,-749254723.621696,-749079837.96817,-748913309.662807,0.900739352551703
"54","scSTM_Sensitivity_Pooled_Content_Prevalence_Time","NullModel","1740763305",10,10,TRUE,TRUE,10,50,-798954303.878083,-800107709.388375,-799706055.24952,-799488509.708798,-799203804.545496,-799036022.458781,0.964986091734351
"55","scSTM_Sensitivity_Pooled_Content_Prevalence_Time","NullModel","1740763313",10,10,TRUE,TRUE,10,50,-722228574.053277,-723417934.171681,-722562634.875766,-722348121.201568,-722261253.847842,NA,0.975534179566207
"56","scSTM_Sensitivity_Pooled_Content_Prevalence_Time","NullModel","1740763316",10,10,TRUE,TRUE,10,50,-789422257.306024,-790614150.930415,-790027167.267549,-789798021.586716,-789540800.026472,-789457586.028666,0.952034171019383
"57","scSTM_Sensitivity_Pooled_Content_Prevalence_Time","NullModel","1740763321",10,10,TRUE,TRUE,10,50,-720641854.854666,-721625414.765533,-721248092.349127,-721096551.567229,-720879429.379578,-720724742.444694,0.812790906153545
"58","scSTM_Sensitivity_Pooled_Content_Prevalence_Time","NullModel","1740763336",10,10,TRUE,TRUE,10,50,-767318380.119096,-768389069.260407,-767952656.582883,-767770302.94643,-767498516.696881,-767362415.912066,0.984594562974559
"59","scSTM_Sensitivity_Pooled_Content_Prevalence_Time","NullModel","1740763365",10,10,TRUE,TRUE,10,50,-723724748.332324,-724413096.755495,-724184545.891337,-724049941.26969,-723857681.086378,-723755725.330232,0.952862826396851
"60","scSTM_Sensitivity_Pooled_Content_Prevalence_Time","NullModel","1740763381",10,10,TRUE,TRUE,10,50,-806050116.190851,-807942661.371103,-806776587.59401,-806427197.747404,-806159681.589989,-806059717.416055,0.756822225056762
"61","scSTM_Sensitivity_Pooled_Content_Prevalence_Time","NullModel","1740763219",10,10,TRUE,TRUE,15,15,-766329337.859036,-767799552.24789,-767109182.007728,-766849235.442723,-766533790.755285,-766389324.295637,0.850192057705095
"62","scSTM_Sensitivity_Pooled_Content_Prevalence_Time","NullModel","1740763223",10,10,TRUE,TRUE,15,15,-807756737.610788,-808897705.811872,-808504473.978474,-808327283.235796,-808085388.20726,-807943536.536815,0.901966776359578
"63","scSTM_Sensitivity_Pooled_Content_Prevalence_Time","NullModel","1740763228",10,10,TRUE,TRUE,15,15,-820130818.986992,-821123683.566382,-820774821.45107,-820614216.744057,-820419828.648869,-820275794.753363,0.944436400495051
"64","scSTM_Sensitivity_Pooled_Content_Prevalence_Time","NullModel","1740763236",10,10,TRUE,TRUE,15,15,-719813960.196909,-720860201.759575,-720325680.606602,-720168732.015338,-720004089.747693,-719890092.023132,0.955161462048356
"65","scSTM_Sensitivity_Pooled_Content_Prevalence_Time","NullModel","1740763244",10,10,TRUE,TRUE,15,15,-778659441.00734,-780513963.639561,-779639425.058317,-779307611.96422,-778913052.60734,-778737695.532872,0.945320869915995
"66","scSTM_Sensitivity_Pooled_Content_Prevalence_Time","NullModel","1740763246",10,10,TRUE,TRUE,15,15,-822734771.53867,-823805854.133397,-823082849.608154,-822902717.736117,-822774743.25182,NA,0.982759382538141
"67","scSTM_Sensitivity_Pooled_Content_Prevalence_Time","NullModel","1740763250",10,10,TRUE,TRUE,15,15,-696129254.682599,-698410426.05032,-697164004.241673,-696658331.812443,-696217315.949403,-696129254.682599,0.953654828173292
"68","scSTM_Sensitivity_Pooled_Content_Prevalence_Time","NullModel","1740763254",10,10,TRUE,TRUE,15,15,-825778867.967998,-827186839.600402,-826411793.432548,-826158034.781083,-825857910.378795,-825781394.001618,0.95725303812667
"69","scSTM_Sensitivity_Pooled_Content_Prevalence_Time","NullModel","1740763256",10,10,TRUE,TRUE,15,15,-750132660.934067,-751173805.203721,-750841884.366421,-750650144.794323,-750375172.367842,-750228902.091456,0.917982368835446
"70","scSTM_Sensitivity_Pooled_Content_Prevalence_Time","NullModel","1740763269",10,10,TRUE,TRUE,15,15,-814765264.192347,-816103124.84124,-815527945.036305,-815327832.38117,-815064804.100488,-814917250.454792,0.898978909121443
"71","scSTM_Sensitivity_Pooled_Content_Prevalence_Time","NullModel","1740763284",10,10,TRUE,TRUE,15,15,-703606890.8116,-705157185.987701,-704182187.69871,-703932459.184736,-703684458.73809,NA,0.860385703596319
"72","scSTM_Sensitivity_Pooled_Content_Prevalence_Time","NullModel","1740763287",10,10,TRUE,TRUE,15,15,-790492440.313624,-792110752.886679,-791729142.360898,-791509859.333081,-791171422.325959,-790893310.450292,0.881222593731187
"73","scSTM_Sensitivity_Pooled_Content_Prevalence_Time","NullModel","1740763297",10,10,TRUE,TRUE,15,15,-748745154.195503,-749823227.496914,-749400515.978915,-749259691.674793,-749084686.357414,-748915223.11316,0.900398278286325
"74","scSTM_Sensitivity_Pooled_Content_Prevalence_Time","NullModel","1740763305",10,10,TRUE,TRUE,15,15,-798961988.470678,-800109992.252201,-799707006.696221,-799488171.142299,-799202680.3935,-799034904.775443,0.965359771803217
"75","scSTM_Sensitivity_Pooled_Content_Prevalence_Time","NullModel","1740763313",10,10,TRUE,TRUE,15,15,-722228574.053277,-723417934.171681,-722562634.875766,-722348121.201568,-722261253.847842,NA,0.975534179566207
"76","scSTM_Sensitivity_Pooled_Content_Prevalence_Time","NullModel","1740763316",10,10,TRUE,TRUE,15,15,-789401426.318811,-790906989.126765,-790324436.950354,-790042174.053408,-789651326.223228,-789453945.158093,0.885000951351595
"77","scSTM_Sensitivity_Pooled_Content_Prevalence_Time","NullModel","1740763321",10,10,TRUE,TRUE,15,15,-720650749.245658,-721651338.555443,-721263233.872497,-721090303.460068,-720889277.60671,-720767380.542785,0.828319080024095
"78","scSTM_Sensitivity_Pooled_Content_Prevalence_Time","NullModel","1740763336",10,10,TRUE,TRUE,15,15,-767320426.290564,-768387123.196894,-767952000.413946,-767769665.935081,-767500286.531629,-767362495.361215,0.984606578216859
"79","scSTM_Sensitivity_Pooled_Content_Prevalence_Time","NullModel","1740763365",10,10,TRUE,TRUE,15,15,-723724857.765928,-724412886.030348,-724185260.955697,-724050727.203914,-723855245.187698,-723753635.188273,0.953378506516521
"80","scSTM_Sensitivity_Pooled_Content_Prevalence_Time","NullModel","1740763381",10,10,TRUE,TRUE,15,15,-806050116.190851,-807942661.371103,-806776587.59401,-806427197.747404,-806159681.589989,-806059717.416055,0.756822225056762
"81","scSTM_Sensitivity_Pooled_Content_Prevalence_Time","NullModel","1740763219",10,10,TRUE,TRUE,15,5,-766347865.294712,-767842039.761301,-767157729.198588,-766900734.958605,-766644289.5998,-766512712.068942,0.833956311152975
"82","scSTM_Sensitivity_Pooled_Content_Prevalence_Time","NullModel","1740763223",10,10,TRUE,TRUE,15,5,-807750796.230292,-808718424.551983,-808328173.455212,-808153096.339532,-807976166.913216,-807885784.205283,0.959631228858505
"83","scSTM_Sensitivity_Pooled_Content_Prevalence_Time","NullModel","1740763228",10,10,TRUE,TRUE,15,5,-820130958.731485,-821123474.369955,-820775756.25147,-820615877.102556,-820422152.499833,-820277150.207932,0.943429410375367
"84","scSTM_Sensitivity_Pooled_Content_Prevalence_Time","NullModel","1740763236",10,10,TRUE,TRUE,15,5,-719888889.966731,-721508145.501143,-720578769.821754,-720266992.971855,-719997961.278445,-719921787.377999,0.939215276313008
"85","scSTM_Sensitivity_Pooled_Content_Prevalence_Time","NullModel","1740763244",10,10,TRUE,TRUE,15,5,-778659441.00734,-780513963.639561,-779639425.058317,-779307611.96422,-778913052.60734,-778737695.532872,0.945320869915995
"86","scSTM_Sensitivity_Pooled_Content_Prevalence_Time","NullModel","1740763246",10,10,TRUE,TRUE,15,5,-822734771.53867,-823805854.133397,-823082849.608154,-822902717.736117,-822774743.25182,NA,0.982759382538141
"87","scSTM_Sensitivity_Pooled_Content_Prevalence_Time","NullModel","1740763250",10,10,TRUE,TRUE,15,5,-696129254.682599,-698410426.05032,-697164004.241673,-696658331.812443,-696217315.949403,-696129254.682599,0.953654828173292
"88","scSTM_Sensitivity_Pooled_Content_Prevalence_Time","NullModel","1740763254",10,10,TRUE,TRUE,15,5,-825778867.967998,-827186839.600402,-826411793.432548,-826158034.781083,-825857910.378795,-825781394.001618,0.95725303812667
"89","scSTM_Sensitivity_Pooled_Content_Prevalence_Time","NullModel","1740763256",10,10,TRUE,TRUE,15,5,-750128655.44443,-751177158.818388,-750844158.740636,-750651718.325051,-750375217.34222,-750227851.607084,0.918292162096373
"90","scSTM_Sensitivity_Pooled_Content_Prevalence_Time","NullModel","1740763269",10,10,TRUE,TRUE,15,5,-814625591.500398,-817181389.089036,-815869133.028366,-815394147.151965,-814880515.33622,-814695516.33805,0.887415383824445
"91","scSTM_Sensitivity_Pooled_Content_Prevalence_Time","NullModel","1740763284",10,10,TRUE,TRUE,15,5,-703606890.8116,-705157185.987701,-704182187.69871,-703932459.184736,-703684458.73809,NA,0.860385703596319
"92","scSTM_Sensitivity_Pooled_Content_Prevalence_Time","NullModel","1740763287",10,10,TRUE,TRUE,15,5,-790503033.755044,-792108229.455593,-791727699.927806,-791511167.809519,-791183140.866945,-790921281.761488,0.878539581401401
"93","scSTM_Sensitivity_Pooled_Content_Prevalence_Time","NullModel","1740763297",10,10,TRUE,TRUE,15,5,-748744018.908274,-749816853.32775,-749394712.02116,-749254557.149729,-749080011.593889,-748914211.608526,0.900398278286325
"94","scSTM_Sensitivity_Pooled_Content_Prevalence_Time","NullModel","1740763305",10,10,TRUE,TRUE,15,5,-798960776.067545,-800111220.676342,-799709460.785934,-799491386.331501,-799203917.709289,-799039472.828508,0.965359771803217
"95","scSTM_Sensitivity_Pooled_Content_Prevalence_Time","NullModel","1740763313",10,10,TRUE,TRUE,15,5,-722228574.053277,-723417934.171681,-722562634.875766,-722348121.201568,-722261253.847842,NA,0.975534179566207
"96","scSTM_Sensitivity_Pooled_Content_Prevalence_Time","NullModel","1740763316",10,10,TRUE,TRUE,15,5,-789403734.999822,-790908981.322032,-790324652.449093,-790041823.142189,-789649146.151873,-789454194.143057,0.884190252893882
"97","scSTM_Sensitivity_Pooled_Content_Prevalence_Time","NullModel","1740763321",10,10,TRUE,TRUE,15,5,-720647946.749951,-721654977.709303,-721266263.279152,-721092418.849646,-720889827.091231,-720768593.989841,0.826359969872716
"98","scSTM_Sensitivity_Pooled_Content_Prevalence_Time","NullModel","1740763336",10,10,TRUE,TRUE,15,5,-767330647.497512,-768391140.270394,-767956821.387642,-767775342.163457,-767504071.618025,-767366678.253661,0.985279265004356
"99","scSTM_Sensitivity_Pooled_Content_Prevalence_Time","NullModel","1740763365",10,10,TRUE,TRUE,15,5,-723734986.601808,-725202370.134544,-724559640.028062,-724313080.61565,-723994034.918724,-723796840.34748,0.981921476099564
"100","scSTM_Sensitivity_Pooled_Content_Prevalence_Time","NullModel","1740763381",10,10,TRUE,TRUE,15,5,-806050116.190851,-807942661.371103,-806776587.59401,-806427197.747404,-806159681.589989,-806059717.416055,0.756822225056762
"101","scSTM_Sensitivity_Pooled_Content_Prevalence_Time","NullModel","1740763219",10,10,TRUE,TRUE,15,50,-766331452.182533,-767799314.676095,-767108019.955301,-766848106.906859,-766533545.444857,-766392980.695625,0.852234691320735
"102","scSTM_Sensitivity_Pooled_Content_Prevalence_Time","NullModel","1740763223",10,10,TRUE,TRUE,15,50,-807775072.836128,-808851747.787246,-808442343.43051,-808240377.390441,-808026646.081551,-807915970.894317,0.956832900628601
"103","scSTM_Sensitivity_Pooled_Content_Prevalence_Time","NullModel","1740763228",10,10,TRUE,TRUE,15,50,-820130094.709169,-821123793.753735,-820774559.799083,-820613899.571231,-820419340.252912,-820275512.678286,0.944054465347103
"104","scSTM_Sensitivity_Pooled_Content_Prevalence_Time","NullModel","1740763236",10,10,TRUE,TRUE,15,50,-719831513.205667,-720859696.199345,-720325388.940132,-720168504.404908,-720004607.768523,-719890532.945521,0.955215471400437
"105","scSTM_Sensitivity_Pooled_Content_Prevalence_Time","NullModel","1740763244",10,10,TRUE,TRUE,15,50,-778659441.00734,-780513963.639561,-779639425.058317,-779307611.96422,-778913052.60734,-778737695.532872,0.945320869915995
"106","scSTM_Sensitivity_Pooled_Content_Prevalence_Time","NullModel","1740763246",10,10,TRUE,TRUE,15,50,-822734771.53867,-823805854.133397,-823082849.608154,-822902717.736117,-822774743.25182,NA,0.982759382538141
"107","scSTM_Sensitivity_Pooled_Content_Prevalence_Time","NullModel","1740763250",10,10,TRUE,TRUE,15,50,-696129254.682599,-698410426.05032,-697164004.241673,-696658331.812443,-696217315.949403,-696129254.682599,0.953654828173292
"108","scSTM_Sensitivity_Pooled_Content_Prevalence_Time","NullModel","1740763254",10,10,TRUE,TRUE,15,50,-825778867.967998,-827186839.600402,-826411793.432548,-826158034.781083,-825857910.378795,-825781394.001618,0.95725303812667
"109","scSTM_Sensitivity_Pooled_Content_Prevalence_Time","NullModel","1740763256",10,10,TRUE,TRUE,15,50,-750129213.226261,-751173831.634308,-750841782.720395,-750650062.497317,-750374671.886246,-750229569.931533,0.918292162096373
"110","scSTM_Sensitivity_Pooled_Content_Prevalence_Time","NullModel","1740763269",10,10,TRUE,TRUE,15,50,-814765612.863199,-816102886.735886,-815528729.238452,-815327316.381091,-815064552.655914,-814917085.675691,0.899369085835641
"111","scSTM_Sensitivity_Pooled_Content_Prevalence_Time","NullModel","1740763284",10,10,TRUE,TRUE,15,50,-703606890.8116,-705157185.987701,-704182187.69871,-703932459.184736,-703684458.73809,NA,0.860385703596319
"112","scSTM_Sensitivity_Pooled_Content_Prevalence_Time","NullModel","1740763287",10,10,TRUE,TRUE,15,50,-790503282.159457,-792106301.375824,-791725453.176696,-791509277.520783,-791180353.46251,-790918327.321088,0.878078938128536
"113","scSTM_Sensitivity_Pooled_Content_Prevalence_Time","NullModel","1740763297",10,10,TRUE,TRUE,15,50,-748742985.302394,-749818718.750449,-749395218.03375,-749254176.924036,-749079115.764768,-748915486.687,0.900739352551703
"114","scSTM_Sensitivity_Pooled_Content_Prevalence_Time","NullModel","1740763305",10,10,TRUE,TRUE,15,50,-798982684.201858,-799908376.197155,-799577806.729303,-799428126.531725,-799198530.024043,-799065315.299236,0.927537329137289
"115","scSTM_Sensitivity_Pooled_Content_Prevalence_Time","NullModel","1740763313",10,10,TRUE,TRUE,15,50,-722228574.053277,-723417934.171681,-722562634.875766,-722348121.201568,-722261253.847842,NA,0.975534179566207
"116","scSTM_Sensitivity_Pooled_Content_Prevalence_Time","NullModel","1740763316",10,10,TRUE,TRUE,15,50,-789395769.687322,-790614324.771746,-790027601.434422,-789797732.688838,-789540252.655625,-789456819.090793,0.950475702143472
"117","scSTM_Sensitivity_Pooled_Content_Prevalence_Time","NullModel","1740763321",10,10,TRUE,TRUE,15,50,-720645155.906749,-721649978.265639,-721262007.979591,-721089030.464946,-720889253.27522,-720768155.502693,0.825626645541898
"118","scSTM_Sensitivity_Pooled_Content_Prevalence_Time","NullModel","1740763336",10,10,TRUE,TRUE,15,50,-767321713.391715,-768387340.827854,-767952398.119883,-767771095.565567,-767499460.745804,-767363306.955691,0.984606578216859
"119","scSTM_Sensitivity_Pooled_Content_Prevalence_Time","NullModel","1740763365",10,10,TRUE,TRUE,15,50,-723723946.390493,-724413218.208577,-724184614.347949,-724050262.55046,-723855071.984841,-723754684.79035,0.952862826396851
"120","scSTM_Sensitivity_Pooled_Content_Prevalence_Time","NullModel","1740763381",10,10,TRUE,TRUE,15,50,-806050116.190851,-807942661.371103,-806776587.59401,-806427197.747404,-806159681.589989,-806059717.416055,0.756822225056762
"121","scSTM_Sensitivity_Pooled_Content_Prevalence_Time","NullModel","1740763219",10,10,TRUE,TRUE,30,15,-766328744.028797,-767798782.669612,-767109127.584565,-766848902.687314,-766533054.032023,-766390047.219725,0.851414900607033
"122","scSTM_Sensitivity_Pooled_Content_Prevalence_Time","NullModel","1740763223",10,10,TRUE,TRUE,30,15,-807751413.294713,-808826547.870404,-808434094.111219,-808260792.77877,-808019493.96942,-807873490.085729,0.951535152818642
"123","scSTM_Sensitivity_Pooled_Content_Prevalence_Time","NullModel","1740763228",10,10,TRUE,TRUE,30,15,-820130395.461965,-821123932.92576,-820774446.112613,-820614042.616904,-820419687.772514,-820276155.87162,0.944584336234329
"124","scSTM_Sensitivity_Pooled_Content_Prevalence_Time","NullModel","1740763236",10,10,TRUE,TRUE,30,15,-719849117.912976,-720858046.232416,-720324395.940956,-720169135.597985,-720009265.98717,-719891442.984292,0.95486331825726
"125","scSTM_Sensitivity_Pooled_Content_Prevalence_Time","NullModel","1740763244",10,10,TRUE,TRUE,30,15,-778613821.112737,-783659452.379828,-781072510.672953,-780199499.45875,-779202175.102918,-778781628.147692,0.586940607264539
"126","scSTM_Sensitivity_Pooled_Content_Prevalence_Time","NullModel","1740763246",10,10,TRUE,TRUE,30,15,-822734771.53867,-823805854.133397,-823082849.608154,-822902717.736117,-822774743.25182,NA,0.982759382538141
"127","scSTM_Sensitivity_Pooled_Content_Prevalence_Time","NullModel","1740763250",10,10,TRUE,TRUE,30,15,-696129254.682599,-698410426.05032,-697164004.241673,-696658331.812443,-696217315.949403,-696129254.682599,0.953654828173292
"128","scSTM_Sensitivity_Pooled_Content_Prevalence_Time","NullModel","1740763254",10,10,TRUE,TRUE,30,15,-825778867.967998,-827186839.600402,-826411793.432548,-826158034.781083,-825857910.378795,-825781394.001618,0.95725303812667
"129","scSTM_Sensitivity_Pooled_Content_Prevalence_Time","NullModel","1740763256",10,10,TRUE,TRUE,30,15,-750124661.37762,-751174496.758599,-750841903.217504,-750650088.663772,-750374717.140398,-750229146.447854,0.918292162096373
"130","scSTM_Sensitivity_Pooled_Content_Prevalence_Time","NullModel","1740763269",10,10,TRUE,TRUE,30,15,-814625591.500398,-817181389.089036,-815869133.028366,-815394147.151965,-814880515.33622,-814695516.33805,0.887415383824445
"131","scSTM_Sensitivity_Pooled_Content_Prevalence_Time","NullModel","1740763284",10,10,TRUE,TRUE,30,15,-703526696.737086,-708548365.225074,-705889543.346354,-704949349.480228,-704043316.947108,-703703320.578803,0.475397690630018
"132","scSTM_Sensitivity_Pooled_Content_Prevalence_Time","NullModel","1740763287",10,10,TRUE,TRUE,30,15,-790437951.668236,-795581902.77892,-792768282.00011,-791905227.750988,-790883678.301522,-790563937.641338,0.641787430580229
"133","scSTM_Sensitivity_Pooled_Content_Prevalence_Time","NullModel","1740763297",10,10,TRUE,TRUE,30,15,-748742922.617403,-749818054.984582,-749394941.053747,-749254000.69726,-749081112.697201,-748912539.443187,0.900668987403976
"134","scSTM_Sensitivity_Pooled_Content_Prevalence_Time","NullModel","1740763305",10,10,TRUE,TRUE,30,15,-798958294.100845,-800107577.636975,-799706065.141869,-799488526.617806,-799203547.90181,-799035941.211394,0.965359771803217
"135","scSTM_Sensitivity_Pooled_Content_Prevalence_Time","NullModel","1740763313",10,10,TRUE,TRUE,30,15,-722228574.053277,-723417934.171681,-722562634.875766,-722348121.201568,-722261253.847842,NA,0.975534179566207
"136","scSTM_Sensitivity_Pooled_Content_Prevalence_Time","NullModel","1740763316",10,10,TRUE,TRUE,30,15,-789401073.502737,-790909841.368724,-790326172.15257,-790043971.494374,-789650389.971512,-789454290.066972,0.885615655349114
"137","scSTM_Sensitivity_Pooled_Content_Prevalence_Time","NullModel","1740763321",10,10,TRUE,TRUE,30,15,-720644670.721302,-721650172.064254,-721262486.868677,-721090742.739449,-720888021.11358,-720765025.821717,0.8288281570286
"138","scSTM_Sensitivity_Pooled_Content_Prevalence_Time","NullModel","1740763336",10,10,TRUE,TRUE,30,15,-767319146.670799,-768390497.100976,-767953202.335691,-767771800.754956,-767497837.580431,-767363638.438462,0.984852895426457
"139","scSTM_Sensitivity_Pooled_Content_Prevalence_Time","NullModel","1740763365",10,10,TRUE,TRUE,30,15,-723723056.218626,-724414520.916667,-724187457.126894,-724055796.110302,-723857163.887058,-723756359.357335,0.951833997825262
"140","scSTM_Sensitivity_Pooled_Content_Prevalence_Time","NullModel","1740763381",10,10,TRUE,TRUE,30,15,-805969994.171465,-811523532.461571,-808262633.247694,-807395152.301688,-806617678.649677,-806245208.368441,0.565221437118136
"141","scSTM_Sensitivity_Pooled_Content_Prevalence_Time","NullModel","1740763219",10,10,TRUE,TRUE,30,5,-766331762.50545,-767799596.914292,-767108323.991022,-766848289.848228,-766533949.868077,-766392923.181944,0.852234691320735
"142","scSTM_Sensitivity_Pooled_Content_Prevalence_Time","NullModel","1740763223",10,10,TRUE,TRUE,30,5,-807760271.07916,-808897846.567448,-808504781.005169,-808327610.637827,-808085950.344964,-807944204.566814,0.901799232953077
"143","scSTM_Sensitivity_Pooled_Content_Prevalence_Time","NullModel","1740763228",10,10,TRUE,TRUE,30,5,-820134147.669039,-821123747.574567,-820774829.922512,-820614154.716737,-820419795.927823,-820277072.440019,0.943620988551514
"144","scSTM_Sensitivity_Pooled_Content_Prevalence_Time","NullModel","1740763236",10,10,TRUE,TRUE,30,5,-719888889.966731,-721508145.501143,-720578769.821754,-720266992.971855,-719997961.278445,-719921787.377999,0.939215276313008
"145","scSTM_Sensitivity_Pooled_Content_Prevalence_Time","NullModel","1740763244",10,10,TRUE,TRUE,30,5,-778659441.00734,-780513963.639561,-779639425.058317,-779307611.96422,-778913052.60734,-778737695.532872,0.945320869915995
"146","scSTM_Sensitivity_Pooled_Content_Prevalence_Time","NullModel","1740763246",10,10,TRUE,TRUE,30,5,-822734771.53867,-823805854.133397,-823082849.608154,-822902717.736117,-822774743.25182,NA,0.982759382538141
"147","scSTM_Sensitivity_Pooled_Content_Prevalence_Time","NullModel","1740763250",10,10,TRUE,TRUE,30,5,-696129254.682599,-698410426.05032,-697164004.241673,-696658331.812443,-696217315.949403,-696129254.682599,0.953654828173292
"148","scSTM_Sensitivity_Pooled_Content_Prevalence_Time","NullModel","1740763254",10,10,TRUE,TRUE,30,5,-825778867.967998,-827186839.600402,-826411793.432548,-826158034.781083,-825857910.378795,-825781394.001618,0.95725303812667
"149","scSTM_Sensitivity_Pooled_Content_Prevalence_Time","NullModel","1740763256",10,10,TRUE,TRUE,30,5,-750127024.259861,-751175870.326636,-750842873.177636,-750651128.89465,-750374984.224154,-750228604.503299,0.918292162096373
"150","scSTM_Sensitivity_Pooled_Content_Prevalence_Time","NullModel","1740763269",10,10,TRUE,TRUE,30,5,-814625591.500398,-817181389.089036,-815869133.028366,-815394147.151965,-814880515.33622,-814695516.33805,0.887415383824445
"151","scSTM_Sensitivity_Pooled_Content_Prevalence_Time","NullModel","1740763284",10,10,TRUE,TRUE,30,5,-703499945.401698,-708817323.870683,-705895032.58853,-704974941.683265,-704007096.36899,-703695851.081318,0.492208482091217
"152","scSTM_Sensitivity_Pooled_Content_Prevalence_Time","NullModel","1740763287",10,10,TRUE,TRUE,30,5,-790407558.344537,-796806011.416716,-793215663.5845,-792018457.890298,-790885090.87213,-790550409.985272,0.821082158486929
"153","scSTM_Sensitivity_Pooled_Content_Prevalence_Time","NullModel","1740763297",10,10,TRUE,TRUE,30,5,-748761693.677121,-750550135.197029,-749554846.950571,-749184998.907699,-748867308.475121,-748776245.36115,0.917371300504579
"154","scSTM_Sensitivity_Pooled_Content_Prevalence_Time","NullModel","1740763305",10,10,TRUE,TRUE,30,5,-798962559.298867,-800109335.354502,-799707338.268928,-799489208.956585,-799204350.274167,-799034987.688865,0.965359771803217
"155","scSTM_Sensitivity_Pooled_Content_Prevalence_Time","NullModel","1740763313",10,10,TRUE,TRUE,30,5,-722228574.053277,-723417934.171681,-722562634.875766,-722348121.201568,-722261253.847842,NA,0.975534179566207
"156","scSTM_Sensitivity_Pooled_Content_Prevalence_Time","NullModel","1740763316",10,10,TRUE,TRUE,30,5,-789403337.846729,-790910324.87381,-790326662.173009,-790044516.685531,-789650957.809635,-789454485.151481,0.884902496159091
"157","scSTM_Sensitivity_Pooled_Content_Prevalence_Time","NullModel","1740763321",10,10,TRUE,TRUE,30,5,-720648037.676515,-721649482.370215,-721260590.271119,-721088120.573085,-720889581.733746,-720769960.992172,0.827188882857812
"158","scSTM_Sensitivity_Pooled_Content_Prevalence_Time","NullModel","1740763336",10,10,TRUE,TRUE,30,5,-767327240.39656,-768390304.854614,-767955231.770513,-767772964.518316,-767500460.022609,-767362483.218047,0.985279265004356
"159","scSTM_Sensitivity_Pooled_Content_Prevalence_Time","NullModel","1740763365",10,10,TRUE,TRUE,30,5,-723729227.373808,-724413433.941396,-724185024.002657,-724050576.76156,-723854990.40312,-723753070.032029,0.958057411658453
"160","scSTM_Sensitivity_Pooled_Content_Prevalence_Time","NullModel","1740763381",10,10,TRUE,TRUE,30,5,-806050116.190851,-807942661.371103,-806776587.59401,-806427197.747404,-806159681.589989,-806059717.416055,0.756822225056762
"161","scSTM_Sensitivity_Pooled_Content_Prevalence_Time","NullModel","1740763219",10,10,TRUE,TRUE,30,50,-766329182.974197,-767799480.933474,-767108226.509198,-766848060.074144,-766532825.562619,-766392784.717813,0.85315978543924
"162","scSTM_Sensitivity_Pooled_Content_Prevalence_Time","NullModel","1740763223",10,10,TRUE,TRUE,30,50,-807748683.601439,-808812446.036365,-808423161.547923,-808250520.730739,-808017002.071403,-807869634.957484,0.951658181667824
"163","scSTM_Sensitivity_Pooled_Content_Prevalence_Time","NullModel","1740763228",10,10,TRUE,TRUE,30,50,-820135107.120785,-821123992.624746,-820774653.785144,-820613950.251244,-820419517.315264,-820276020.795076,0.942830963341212
"164","scSTM_Sensitivity_Pooled_Content_Prevalence_Time","NullModel","1740763236",10,10,TRUE,TRUE,30,50,-719863309.699587,-720858177.961175,-720324587.359471,-720170792.0388,-720008008.181663,-719891924.713147,0.957119193761431
"165","scSTM_Sensitivity_Pooled_Content_Prevalence_Time","NullModel","1740763244",10,10,TRUE,TRUE,30,50,-778659441.00734,-780513963.639561,-779639425.058317,-779307611.96422,-778913052.60734,-778737695.532872,0.945320869915995
"166","scSTM_Sensitivity_Pooled_Content_Prevalence_Time","NullModel","1740763246",10,10,TRUE,TRUE,30,50,-822734771.53867,-823805854.133397,-823082849.608154,-822902717.736117,-822774743.25182,NA,0.982759382538141
"167","scSTM_Sensitivity_Pooled_Content_Prevalence_Time","NullModel","1740763250",10,10,TRUE,TRUE,30,50,-696063219.591721,-701070420.000216,-698054771.751718,-697232388.134697,-696473038.946844,-696215604.30415,0.669790614010949
"168","scSTM_Sensitivity_Pooled_Content_Prevalence_Time","NullModel","1740763254",10,10,TRUE,TRUE,30,50,-825778867.967998,-827186839.600402,-826411793.432548,-826158034.781083,-825857910.378795,-825781394.001618,0.95725303812667
"169","scSTM_Sensitivity_Pooled_Content_Prevalence_Time","NullModel","1740763256",10,10,TRUE,TRUE,30,50,-750133776.167981,-751174466.262161,-750841690.702091,-750649918.993516,-750374476.816231,-750229398.466899,0.918292162096373
"170","scSTM_Sensitivity_Pooled_Content_Prevalence_Time","NullModel","1740763269",10,10,TRUE,TRUE,30,50,-814625591.500398,-817181389.089036,-815869133.028366,-815394147.151965,-814880515.33622,-814695516.33805,0.887415383824445
"171","scSTM_Sensitivity_Pooled_Content_Prevalence_Time","NullModel","1740763284",10,10,TRUE,TRUE,30,50,-703506394.271856,-708047806.069135,-705474243.203643,-704718615.91473,-703933398.65315,-703625866.406697,0.654014950305743
"172","scSTM_Sensitivity_Pooled_Content_Prevalence_Time","NullModel","1740763287",10,10,TRUE,TRUE,30,50,-790445208.875393,-795157931.068533,-792573495.029289,-791755381.431846,-790883789.20251,-605145203197.729,0.667268995256586
"173","scSTM_Sensitivity_Pooled_Content_Prevalence_Time","NullModel","1740763297",10,10,TRUE,TRUE,30,50,-748743168.709837,-749818432.488728,-749395224.098711,-749254137.972618,-749079488.754957,-748912357.900648,0.900668987403976
"174","scSTM_Sensitivity_Pooled_Content_Prevalence_Time","NullModel","1740763305",10,10,TRUE,TRUE,30,50,-798962287.749309,-800109085.139038,-799707559.905296,-799489332.089975,-799203412.140564,-799035508.092799,0.965359771803217
"175","scSTM_Sensitivity_Pooled_Content_Prevalence_Time","NullModel","1740763313",10,10,TRUE,TRUE,30,50,-722228574.053277,-723417934.171681,-722562634.875766,-722348121.201568,-722261253.847842,NA,0.975534179566207
"176","scSTM_Sensitivity_Pooled_Content_Prevalence_Time","NullModel","1740763316",10,10,TRUE,TRUE,30,50,-789395260.771339,-790614373.345636,-790027389.457423,-789798226.908226,-789540333.273527,-789457638.039028,0.95164054459208
"177","scSTM_Sensitivity_Pooled_Content_Prevalence_Time","NullModel","1740763321",10,10,TRUE,TRUE,30,50,-720645333.297368,-721650878.510615,-721263076.871577,-721089919.357453,-720887916.279714,-720765646.84264,0.827441743219798
"178","scSTM_Sensitivity_Pooled_Content_Prevalence_Time","NullModel","1740763336",10,10,TRUE,TRUE,30,50,-767318806.661208,-768387575.633697,-767951220.932158,-767769028.755597,-767497271.260843,-767361662.595944,0.984606578216859
"179","scSTM_Sensitivity_Pooled_Content_Prevalence_Time","NullModel","1740763365",10,10,TRUE,TRUE,30,50,-723727030.610506,-724414515.639421,-724186491.093191,-724052879.032779,-723855599.248221,-723754608.627029,0.953895029119516
"180","scSTM_Sensitivity_Pooled_Content_Prevalence_Time","NullModel","1740763381",10,10,TRUE,TRUE,30,50,-805968461.183304,-811296159.930868,-808199167.543547,-807260584.7177,-806436273.838781,-806068735.438209,0.705075064850598
"181","scSTM_Sensitivity_Pooled_Content_Prevalence_Time","NullModel","1740763219",10,10,TRUE,TRUE,5,15,-766340167.832564,-767802396.364295,-767112213.311745,-766851616.089334,-766535765.847748,-766393465.745342,0.848438829083261
"182","scSTM_Sensitivity_Pooled_Content_Prevalence_Time","NullModel","1740763223",10,10,TRUE,TRUE,5,15,-807764466.185401,-808896097.443385,-808503356.985022,-808326699.83478,-808085323.430562,-807944133.558447,0.903628928688514
"183","scSTM_Sensitivity_Pooled_Content_Prevalence_Time","NullModel","1740763228",10,10,TRUE,TRUE,5,15,-820130627.194948,-821123757.413971,-820774750.210342,-820614168.569525,-820420016.963751,-820276242.596725,0.944584336234329
"184","scSTM_Sensitivity_Pooled_Content_Prevalence_Time","NullModel","1740763236",10,10,TRUE,TRUE,5,15,-719850499.114311,-720858263.271046,-720324632.29979,-720169474.682716,-720007425.699275,-719892273.043292,0.95486331825726
"185","scSTM_Sensitivity_Pooled_Content_Prevalence_Time","NullModel","1740763244",10,10,TRUE,TRUE,5,15,-778675577.77703,-780397013.603357,-779886081.664538,-779593602.286263,-779118873.299141,-778840404.236494,0.827750335569419
"186","scSTM_Sensitivity_Pooled_Content_Prevalence_Time","NullModel","1740763246",10,10,TRUE,TRUE,5,15,-822825603.585737,-823635102.675242,-823360898.85252,-823227820.298432,-823032291.859627,-822938729.966434,0.947990118975334
"187","scSTM_Sensitivity_Pooled_Content_Prevalence_Time","NullModel","1740763250",10,10,TRUE,TRUE,5,15,-696213236.469903,-697356019.969646,-696901885.03201,-696713574.783527,-696496070.73682,-696329509.977074,0.878393701685162
"188","scSTM_Sensitivity_Pooled_Content_Prevalence_Time","NullModel","1740763254",10,10,TRUE,TRUE,5,15,-825812197.797591,-827007934.091975,-826656514.075059,-826489521.388471,-826186096.222905,-825982588.606097,0.869286439704288
"189","scSTM_Sensitivity_Pooled_Content_Prevalence_Time","NullModel","1740763256",10,10,TRUE,TRUE,5,15,-750129978.182092,-751174480.85036,-750841910.03507,-750650275.321885,-750375541.38563,-750229115.695286,0.918292162096373
"190","scSTM_Sensitivity_Pooled_Content_Prevalence_Time","NullModel","1740763269",10,10,TRUE,TRUE,5,15,-814766300.388403,-816102942.748054,-815528003.76532,-815327972.184672,-815064935.459381,-814917487.469996,0.899369085835641
"191","scSTM_Sensitivity_Pooled_Content_Prevalence_Time","NullModel","1740763284",10,10,TRUE,TRUE,5,15,-703623869.699533,-705055843.148782,-704542762.520162,-704368094.258123,-704110518.935079,-703877065.785783,0.833287178857848
"192","scSTM_Sensitivity_Pooled_Content_Prevalence_Time","NullModel","1740763287",10,10,TRUE,TRUE,5,15,-790504396.911657,-792108195.175495,-791728063.977402,-791511566.629052,-791183225.768328,-790921423.126881,0.877119571450038
"193","scSTM_Sensitivity_Pooled_Content_Prevalence_Time","NullModel","1740763297",10,10,TRUE,TRUE,5,15,-748744360.41958,-749820302.713624,-749396536.104042,-749255368.117904,-749080015.666978,-748914432.747089,0.900530926583995
"194","scSTM_Sensitivity_Pooled_Content_Prevalence_Time","NullModel","1740763305",10,10,TRUE,TRUE,5,15,-798959945.868452,-800108762.648838,-799706913.699898,-799488910.561254,-799204269.98723,-799034840.712884,0.965359771803217
"195","scSTM_Sensitivity_Pooled_Content_Prevalence_Time","NullModel","1740763313",10,10,TRUE,TRUE,5,15,-722271721.968047,-723189337.484086,-722957398.520605,-722790503.899059,-722541366.263828,-722406193.366961,0.905689802403981
"196","scSTM_Sensitivity_Pooled_Content_Prevalence_Time","NullModel","1740763316",10,10,TRUE,TRUE,5,15,-789399142.817738,-790905353.04513,-790321952.494815,-790038687.996703,-789648775.266535,-789461560.043893,0.885558901032718
"197","scSTM_Sensitivity_Pooled_Content_Prevalence_Time","NullModel","1740763321",10,10,TRUE,TRUE,5,15,-720647565.299343,-721623833.123419,-721235611.034347,-721081338.393808,-720876969.727121,-720710375.045716,0.820381555507952
"198","scSTM_Sensitivity_Pooled_Content_Prevalence_Time","NullModel","1740763336",10,10,TRUE,TRUE,5,15,-767319192.818626,-768391898.078866,-767955067.143527,-767773437.638716,-767499233.099831,-767370062.937177,0.984574089139372
"199","scSTM_Sensitivity_Pooled_Content_Prevalence_Time","NullModel","1740763365",10,10,TRUE,TRUE,5,15,-723725283.125214,-724414938.35845,-724185816.79189,-724051014.484838,-723856129.158533,-723754648.575203,0.953895029119516
"200","scSTM_Sensitivity_Pooled_Content_Prevalence_Time","NullModel","1740763381",10,10,TRUE,TRUE,5,15,-806177143.30485,-807615992.314922,-807059168.847028,-806879986.553414,-806627085.348291,-806432936.642474,0.846413725084522
"201","scSTM_Sensitivity_Pooled_Content_Prevalence_Time","NullModel","1740763219",10,10,TRUE,TRUE,5,5,-766350017.696897,-767839018.657198,-767157843.748576,-766901241.060102,-766642773.566686,-766513878.731355,0.834400894587412
"202","scSTM_Sensitivity_Pooled_Content_Prevalence_Time","NullModel","1740763223",10,10,TRUE,TRUE,5,5,-807751911.490553,-808817232.557968,-808424237.289755,-808243606.747653,-808002563.134773,-807874827.333026,0.951497869706402
"203","scSTM_Sensitivity_Pooled_Content_Prevalence_Time","NullModel","1740763228",10,10,TRUE,TRUE,5,5,-820130688.205004,-821123875.098059,-820774890.138383,-820614251.158089,-820419973.326122,-820276356.588818,0.944584336234329
"204","scSTM_Sensitivity_Pooled_Content_Prevalence_Time","NullModel","1740763236",10,10,TRUE,TRUE,5,5,-719860732.923953,-720857892.449617,-720324451.757787,-720169152.793705,-720009118.517162,-719892282.706565,0.95577885454218
"205","scSTM_Sensitivity_Pooled_Content_Prevalence_Time","NullModel","1740763244",10,10,TRUE,TRUE,5,5,-778682173.030994,-780399868.298913,-779888311.074277,-779595030.553349,-779119925.358727,-778840383.740966,0.826647438726108
"206","scSTM_Sensitivity_Pooled_Content_Prevalence_Time","NullModel","1740763246",10,10,TRUE,TRUE,5,5,-822824110.255675,-823637754.754953,-823362567.313176,-823229017.662105,-823031973.721016,-822938648.398153,0.948067223020826
"207","scSTM_Sensitivity_Pooled_Content_Prevalence_Time","NullModel","1740763250",10,10,TRUE,TRUE,5,5,-696212611.07134,-697359452.844289,-696903540.339819,-696714258.101077,-696497391.744079,-696331241.35101,0.880507386926859
"208","scSTM_Sensitivity_Pooled_Content_Prevalence_Time","NullModel","1740763254",10,10,TRUE,TRUE,5,5,-825812987.108415,-827008539.067807,-826656832.660403,-826489546.465448,-826186628.406814,-825983889.310447,0.871880799512891
"209","scSTM_Sensitivity_Pooled_Content_Prevalence_Time","NullModel","1740763256",10,10,TRUE,TRUE,5,5,-750127543.465387,-751174474.510154,-750841737.875294,-750650028.647851,-750375052.848148,-750229731.410571,0.918292162096373
"210","scSTM_Sensitivity_Pooled_Content_Prevalence_Time","NullModel","1740763269",10,10,TRUE,TRUE,5,5,-814770455.560973,-816099133.726183,-815526481.181216,-815327363.657304,-815065557.296741,-814918706.113424,0.899490274835572
"211","scSTM_Sensitivity_Pooled_Content_Prevalence_Time","NullModel","1740763284",10,10,TRUE,TRUE,5,5,-703606890.8116,-705157185.987701,-704182187.69871,-703932459.184736,-703684458.73809,NA,0.860385703596319
"212","scSTM_Sensitivity_Pooled_Content_Prevalence_Time","NullModel","1740763287",10,10,TRUE,TRUE,5,5,-790499659.621068,-792111350.154349,-791729276.654645,-791511087.909519,-791180055.590382,-790915745.60695,0.88008366087182
"213","scSTM_Sensitivity_Pooled_Content_Prevalence_Time","NullModel","1740763297",10,10,TRUE,TRUE,5,5,-748817579.917734,-749948410.359783,-749554835.531888,-749365485.074626,-749153652.02781,-748979393.206201,0.842528212165768
"214","scSTM_Sensitivity_Pooled_Content_Prevalence_Time","NullModel","1740763305",10,10,TRUE,TRUE,5,5,-798953995.391045,-800110974.313579,-799708651.425495,-799490319.733458,-799204177.014077,-799037104.851859,0.964986091734351
"215","scSTM_Sensitivity_Pooled_Content_Prevalence_Time","NullModel","1740763313",10,10,TRUE,TRUE,5,5,-722278846.952076,-723188901.233104,-722956367.558808,-722789576.19372,-722539777.206465,-722405035.064464,0.905587626796934
"216","scSTM_Sensitivity_Pooled_Content_Prevalence_Time","NullModel","1740763316",10,10,TRUE,TRUE,5,5,-789404953.995642,-790908805.248412,-790325005.797307,-790042041.609321,-789649385.040287,-789453202.763314,0.883531287636173
"217","scSTM_Sensitivity_Pooled_Content_Prevalence_Time","NullModel","1740763321",10,10,TRUE,TRUE,5,5,-720645982.812317,-721652949.876909,-721264393.248665,-721090647.127283,-720889430.714957,-720769554.920747,0.825684867885522
"218","scSTM_Sensitivity_Pooled_Content_Prevalence_Time","NullModel","1740763336",10,10,TRUE,TRUE,5,5,-767322104.329127,-768390167.485106,-767952580.006954,-767770389.608256,-767497363.831522,-767364178.458855,0.984852895426457
"219","scSTM_Sensitivity_Pooled_Content_Prevalence_Time","NullModel","1740763365",10,10,TRUE,TRUE,5,5,-723722554.911477,-724414787.036409,-724187678.613435,-724056732.317648,-723857363.682395,-723756285.621216,0.950808551808122
"220","scSTM_Sensitivity_Pooled_Content_Prevalence_Time","NullModel","1740763381",10,10,TRUE,TRUE,5,5,-806175474.99616,-807619258.2066,-807059815.079106,-806880570.421174,-806628799.645714,-806434635.581674,0.847634894965146
"221","scSTM_Sensitivity_Pooled_Content_Prevalence_Time","NullModel","1740763219",10,10,TRUE,TRUE,5,50,-766330662.188557,-767799042.042051,-767109196.810759,-766849786.898445,-766534071.834548,-766390066.893302,0.851362884700891
"222","scSTM_Sensitivity_Pooled_Content_Prevalence_Time","NullModel","1740763223",10,10,TRUE,TRUE,5,50,-807769556.761053,-808860687.87816,-808455405.921063,-808253056.647803,-808031782.874018,-807917093.023479,0.956832900628601
"223","scSTM_Sensitivity_Pooled_Content_Prevalence_Time","NullModel","1740763228",10,10,TRUE,TRUE,5,50,-820129681.404584,-821122392.381739,-820775051.459902,-820615685.146244,-820422031.174087,-820276397.484446,0.945105338441773
"224","scSTM_Sensitivity_Pooled_Content_Prevalence_Time","NullModel","1740763236",10,10,TRUE,TRUE,5,50,-719803961.662239,-720857777.164891,-720324527.51998,-720169316.724034,-720007954.48364,-719891452.096758,0.954555143742502
"225","scSTM_Sensitivity_Pooled_Content_Prevalence_Time","NullModel","1740763244",10,10,TRUE,TRUE,5,50,-778705588.945649,-780085311.896483,-779703675.059826,-779517808.477572,-779239984.368193,-778964517.77323,0.870742646482765
"226","scSTM_Sensitivity_Pooled_Content_Prevalence_Time","NullModel","1740763246",10,10,TRUE,TRUE,5,50,-822824871.678008,-823636809.41125,-823360647.40168,-823227144.647214,-823030846.05739,-822937873.506577,0.948067223020826
"227","scSTM_Sensitivity_Pooled_Content_Prevalence_Time","NullModel","1740763250",10,10,TRUE,TRUE,5,50,-696236451.623768,-697355673.656168,-696901388.488054,-696712910.96252,-696495815.960757,-696324958.131842,0.882043381937717
"228","scSTM_Sensitivity_Pooled_Content_Prevalence_Time","NullModel","1740763254",10,10,TRUE,TRUE,5,50,-825812071.087556,-827007454.739003,-826656257.271242,-826489481.948852,-826186088.300118,-825982777.521932,0.868773784678534
"229","scSTM_Sensitivity_Pooled_Content_Prevalence_Time","NullModel","1740763256",10,10,TRUE,TRUE,5,50,-750127691.479359,-751174071.602262,-750842120.391804,-750650391.379625,-750374434.413391,-750229223.678233,0.918292162096373
"230","scSTM_Sensitivity_Pooled_Content_Prevalence_Time","NullModel","1740763269",10,10,TRUE,TRUE,5,50,-814769327.911714,-816101315.062405,-815527834.485004,-815328080.306838,-815065559.84957,-814918860.229789,0.899490274835572
"231","scSTM_Sensitivity_Pooled_Content_Prevalence_Time","NullModel","1740763284",10,10,TRUE,TRUE,5,50,-703694506.802969,-705020325.58865,-704546054.221943,-704367210.967985,-704076569.466858,-703893172.531809,0.83823691238196
"232","scSTM_Sensitivity_Pooled_Content_Prevalence_Time","NullModel","1740763287",10,10,TRUE,TRUE,5,50,-790501160.100881,-792105567.159132,-791724995.665475,-791510092.634338,-791182482.852254,-790918831.959371,0.877867907594627
"233","scSTM_Sensitivity_Pooled_Content_Prevalence_Time","NullModel","1740763297",10,10,TRUE,TRUE,5,50,-748742437.669106,-749819090.365765,-749396504.598408,-749255573.534033,-749081039.298661,-748911921.71787,0.900739352551703
"234","scSTM_Sensitivity_Pooled_Content_Prevalence_Time","NullModel","1740763305",10,10,TRUE,TRUE,5,50,-798985238.605432,-800085708.516591,-799710375.585265,-799535075.242363,-799247573.630483,-799052980.994106,0.89608288009344
"235","scSTM_Sensitivity_Pooled_Content_Prevalence_Time","NullModel","1740763313",10,10,TRUE,TRUE,5,50,-722270328.944803,-723188301.989536,-722956170.408718,-722789537.61075,-722540500.152097,-722406890.812141,0.905787518026742
"236","scSTM_Sensitivity_Pooled_Content_Prevalence_Time","NullModel","1740763316",10,10,TRUE,TRUE,5,50,-789395983.818276,-790614202.817764,-790027121.632824,-789797618.817871,-789540398.031068,-789456775.603489,0.950475702143472
"237","scSTM_Sensitivity_Pooled_Content_Prevalence_Time","NullModel","1740763321",10,10,TRUE,TRUE,5,50,-720632940.474458,-721605344.174841,-721227958.198158,-721083301.907804,-720900419.510678,-720726160.129179,0.8568577171021
"238","scSTM_Sensitivity_Pooled_Content_Prevalence_Time","NullModel","1740763336",10,10,TRUE,TRUE,5,50,-767322474.932334,-768387995.179012,-767952962.184065,-767770811.594246,-767498307.509318,-767363910.145852,0.985279265004356
"239","scSTM_Sensitivity_Pooled_Content_Prevalence_Time","NullModel","1740763365",10,10,TRUE,TRUE,5,50,-723724612.27176,-724413276.897656,-724184980.903585,-724050825.459643,-723855004.448424,-723753240.217098,0.952347989815753
"240","scSTM_Sensitivity_Pooled_Content_Prevalence_Time","NullModel","1740763381",10,10,TRUE,TRUE,5,50,-806176818.971717,-807616135.05357,-807059174.923642,-806880102.953126,-806634716.395267,-806433764.335007,0.846124090403859
"241","scSTM_Sensitivity_Pooled_Content_Prevalence_Time","NullModel","1740763219",10,10,TRUE,TRUE,50,15,-766342043.727029,-767802065.43773,-767111764.109509,-766851202.053704,-766535511.94585,-766390226.14105,0.847394575947454
"242","scSTM_Sensitivity_Pooled_Content_Prevalence_Time","NullModel","1740763223",10,10,TRUE,TRUE,50,15,-807705830.223659,-812628930.663167,-809965366.059795,-809231011.504607,-808325712.326168,-807897078.063546,0.687884239541111
"243","scSTM_Sensitivity_Pooled_Content_Prevalence_Time","NullModel","1740763228",10,10,TRUE,TRUE,50,15,-820099962.543904,-826235036.910431,-822917488.682238,-821758548.539557,-820551724.338716,-820190731.040338,0.878561915351926
"244","scSTM_Sensitivity_Pooled_Content_Prevalence_Time","NullModel","1740763236",10,10,TRUE,TRUE,50,15,-719813426.595857,-720859668.236856,-720325550.38682,-720168676.023183,-720004025.243894,-719890433.179757,0.955161462048356
"245","scSTM_Sensitivity_Pooled_Content_Prevalence_Time","NullModel","1740763244",10,10,TRUE,TRUE,50,15,-778613436.577449,-783268133.922845,-780792184.558964,-780028560.25108,-779162571.84004,-778770095.647494,0.729293392413221
"246","scSTM_Sensitivity_Pooled_Content_Prevalence_Time","NullModel","1740763246",10,10,TRUE,TRUE,50,15,-822734771.53867,-823805854.133397,-823082849.608154,-822902717.736117,-822774743.25182,NA,0.982759382538141
"247","scSTM_Sensitivity_Pooled_Content_Prevalence_Time","NullModel","1740763250",10,10,TRUE,TRUE,50,15,-696065288.214875,-701485638.533838,-698974317.494106,-697998106.511192,-696870197.972723,-696310563.062712,0.698592412886305
"248","scSTM_Sensitivity_Pooled_Content_Prevalence_Time","NullModel","1740763254",10,10,TRUE,TRUE,50,15,-825729539.94391,-831545910.378188,-828682670.654975,-827525769.752059,-826386730.244758,-825940815.060205,0.611061670178447
"249","scSTM_Sensitivity_Pooled_Content_Prevalence_Time","NullModel","1740763256",10,10,TRUE,TRUE,50,15,-750124998.859762,-751177036.952061,-750843925.118952,-750651308.321895,-750375076.665613,-750228205.436389,0.918292162096373
"250","scSTM_Sensitivity_Pooled_Content_Prevalence_Time","NullModel","1740763269",10,10,TRUE,TRUE,50,15,-814558264.343147,-820510771.910464,-816990322.283606,-816012041.632126,-815091445.679674,-814754565.780979,0.679172040741955
"251","scSTM_Sensitivity_Pooled_Content_Prevalence_Time","NullModel","1740763284",10,10,TRUE,TRUE,50,15,-703522811.716187,-708092248.118072,-705637451.832206,-704926580.614332,-704057601.433746,-703684114.705995,0.588576547789822
"252","scSTM_Sensitivity_Pooled_Content_Prevalence_Time","NullModel","1740763287",10,10,TRUE,TRUE,50,15,-790430314.520779,-795835682.560574,-793107244.915271,-792216719.977597,-791205857.460757,-790746448.44143,0.712799859292565
"253","scSTM_Sensitivity_Pooled_Content_Prevalence_Time","NullModel","1740763297",10,10,TRUE,TRUE,50,15,-748697831.150326,-753149891.211288,-750557851.363278,-749819104.366663,-749090238.808115,-748801639.435512,0.64496413385292
"254","scSTM_Sensitivity_Pooled_Content_Prevalence_Time","NullModel","1740763305",10,10,TRUE,TRUE,50,15,-798952599.504962,-800110921.171737,-799709199.95285,-799491226.641145,-799203714.892842,-799036192.366003,0.964986091734351
"255","scSTM_Sensitivity_Pooled_Content_Prevalence_Time","NullModel","1740763313",10,10,TRUE,TRUE,50,15,-722228574.053277,-723417934.171681,-722562634.875766,-722348121.201568,-722261253.847842,NA,0.975534179566207
"256","scSTM_Sensitivity_Pooled_Content_Prevalence_Time","NullModel","1740763316",10,10,TRUE,TRUE,50,15,-789403874.88299,-790909085.858899,-790325051.508518,-790042050.934373,-789649202.685308,-789453714.064085,0.884521099091148
"257","scSTM_Sensitivity_Pooled_Content_Prevalence_Time","NullModel","1740763321",10,10,TRUE,TRUE,50,15,-720673421.70896,-721651373.62715,-721263235.780053,-721090466.487097,-720888735.080736,-720765966.091218,0.822060808359081
"258","scSTM_Sensitivity_Pooled_Content_Prevalence_Time","NullModel","1740763336",10,10,TRUE,TRUE,50,15,-767319830.865535,-768391737.674303,-767954881.605863,-767773536.217771,-767499449.335214,-767365373.239862,0.984574089139372
"259","scSTM_Sensitivity_Pooled_Content_Prevalence_Time","NullModel","1740763365",10,10,TRUE,TRUE,50,15,-723729602.686767,-724414071.12404,-724187299.955998,-724056280.930279,-723856849.897059,-723756794.155972,0.957520427951928
"260","scSTM_Sensitivity_Pooled_Content_Prevalence_Time","NullModel","1740763381",10,10,TRUE,TRUE,50,15,-806036772.753334,-811381663.319513,-808506810.792042,-807660233.480578,-806739600.171533,-806311166.69873,0.656439926767485
"261","scSTM_Sensitivity_Pooled_Content_Prevalence_Time","NullModel","1740763219",10,10,TRUE,TRUE,50,5,-766350211.593264,-767799026.681473,-767109189.255573,-766849037.847327,-766533563.185824,-766389449.72249,0.848534862557553
"262","scSTM_Sensitivity_Pooled_Content_Prevalence_Time","NullModel","1740763223",10,10,TRUE,TRUE,50,5,-807755509.85302,-808898463.640629,-808505261.498187,-808327908.164038,-808085381.855878,-807945198.948564,0.902191553941064
"263","scSTM_Sensitivity_Pooled_Content_Prevalence_Time","NullModel","1740763228",10,10,TRUE,TRUE,50,5,-820131231.964433,-821123737.511421,-820774482.87126,-820613969.881365,-820422441.075526,-820276787.208606,0.943885609945168
"264","scSTM_Sensitivity_Pooled_Content_Prevalence_Time","NullModel","1740763236",10,10,TRUE,TRUE,50,5,-719822199.643353,-720861349.881688,-720323679.67874,-720166864.963751,-720006381.166339,-719896186.631835,0.955578065888012
"265","scSTM_Sensitivity_Pooled_Content_Prevalence_Time","NullModel","1740763244",10,10,TRUE,TRUE,50,5,-778621320.863061,-780493595.463922,-780042816.377378,-779784451.513435,-779298339.951744,-778922616.769062,0.839769772568278
"266","scSTM_Sensitivity_Pooled_Content_Prevalence_Time","NullModel","1740763246",10,10,TRUE,TRUE,50,5,-822734771.53867,-823805854.133397,-823082849.608154,-822902717.736117,-822774743.25182,NA,0.982759382538141
"267","scSTM_Sensitivity_Pooled_Content_Prevalence_Time","NullModel","1740763250",10,10,TRUE,TRUE,50,5,-696062067.174084,-701455439.292654,-698583817.290597,-697612168.193254,-696717100.992471,-696310222.576855,0.556482576318352
"268","scSTM_Sensitivity_Pooled_Content_Prevalence_Time","NullModel","1740763254",10,10,TRUE,TRUE,50,5,-825778867.967998,-827186839.600402,-826411793.432548,-826158034.781083,-825857910.378795,-825781394.001618,0.95725303812667
"269","scSTM_Sensitivity_Pooled_Content_Prevalence_Time","NullModel","1740763256",10,10,TRUE,TRUE,50,5,-750128393.457885,-751174664.976088,-750842047.7904,-750650336.897728,-750374934.520355,-750228408.589192,0.918292162096373
"270","scSTM_Sensitivity_Pooled_Content_Prevalence_Time","NullModel","1740763269",10,10,TRUE,TRUE,50,5,-814625591.500398,-817181389.089036,-815869133.028366,-815394147.151965,-814880515.33622,-814695516.33805,0.887415383824445
"271","scSTM_Sensitivity_Pooled_Content_Prevalence_Time","NullModel","1740763284",10,10,TRUE,TRUE,50,5,-703491275.3756,-708328957.684717,-705843890.169913,-705039433.653486,-704197137.436751,-703825837.320814,0.393040741927045
"272","scSTM_Sensitivity_Pooled_Content_Prevalence_Time","NullModel","1740763287",10,10,TRUE,TRUE,50,5,-790445128.184286,-796361050.920133,-793161378.148664,-792211500.060422,-791284325.272847,-790748427.669914,0.579384796253479
"273","scSTM_Sensitivity_Pooled_Content_Prevalence_Time","NullModel","1740763297",10,10,TRUE,TRUE,50,5,-748761693.677121,-750550135.197029,-749554846.950571,-749184998.907699,-748867308.475121,-748776245.36115,0.917371300504579
"274","scSTM_Sensitivity_Pooled_Content_Prevalence_Time","NullModel","1740763305",10,10,TRUE,TRUE,50,5,-798949099.238316,-800111231.860075,-799709945.375186,-799491776.348705,-799203734.547799,-799038444.460974,0.964986091734351
"275","scSTM_Sensitivity_Pooled_Content_Prevalence_Time","NullModel","1740763313",10,10,TRUE,TRUE,50,5,-722228574.053277,-723417934.171681,-722562634.875766,-722348121.201568,-722261253.847842,NA,0.975534179566207
"276","scSTM_Sensitivity_Pooled_Content_Prevalence_Time","NullModel","1740763316",10,10,TRUE,TRUE,50,5,-789400841.641281,-790909653.061082,-790325525.104658,-790042690.840221,-789650085.041835,-789454847.255764,0.886427486744987
"277","scSTM_Sensitivity_Pooled_Content_Prevalence_Time","NullModel","1740763321",10,10,TRUE,TRUE,50,5,-720551015.604859,-725076180.588025,-722721141.612944,-721948669.103099,-721090109.189732,-720687929.288394,0.774188210973643
"278","scSTM_Sensitivity_Pooled_Content_Prevalence_Time","NullModel","1740763336",10,10,TRUE,TRUE,50,5,-767320516.319649,-768387655.59756,-767952211.915818,-767769648.041898,-767496852.871973,-767361639.673158,0.984852895426457
"279","scSTM_Sensitivity_Pooled_Content_Prevalence_Time","NullModel","1740763365",10,10,TRUE,TRUE,50,5,-723734986.601808,-725202370.134544,-724559640.028062,-724313080.61565,-723994034.918724,-723796840.34748,0.981921476099564
"280","scSTM_Sensitivity_Pooled_Content_Prevalence_Time","NullModel","1740763381",10,10,TRUE,TRUE,50,5,-806015890.852741,-811045891.949913,-808192714.347755,-807412675.83965,-806601064.265919,-806211242.330858,0.519305269396599
"281","scSTM_Sensitivity_Pooled_Content_Prevalence_Time","NullModel","1740763219",10,10,TRUE,TRUE,50,50,-766328269.630738,-767798602.774909,-767109248.832875,-766849007.967628,-766533337.195982,-766389075.45435,0.851414900607033
"282","scSTM_Sensitivity_Pooled_Content_Prevalence_Time","NullModel","1740763223",10,10,TRUE,TRUE,50,50,-807754705.28062,-808816332.977583,-808424422.606476,-808252370.071626,-808016536.777028,-807872240.181534,0.951376589699215
"283","scSTM_Sensitivity_Pooled_Content_Prevalence_Time","NullModel","1740763228",10,10,TRUE,TRUE,50,50,-820107582.715368,-825079751.623984,-822150237.087645,-821273778.432781,-820469777.39607,-820225127.838519,0.907962183958801
"284","scSTM_Sensitivity_Pooled_Content_Prevalence_Time","NullModel","1740763236",10,10,TRUE,TRUE,50,50,-719804354.779634,-720858118.09412,-720324595.424755,-720169392.433757,-720007442.701043,-719891736.05487,0.954555143742502
"285","scSTM_Sensitivity_Pooled_Content_Prevalence_Time","NullModel","1740763244",10,10,TRUE,TRUE,50,50,-778659441.00734,-780513963.639561,-779639425.058317,-779307611.96422,-778913052.60734,-778737695.532872,0.945320869915995
"286","scSTM_Sensitivity_Pooled_Content_Prevalence_Time","NullModel","1740763246",10,10,TRUE,TRUE,50,50,-822734771.53867,-823805854.133397,-823082849.608154,-822902717.736117,-822774743.25182,NA,0.982759382538141
"287","scSTM_Sensitivity_Pooled_Content_Prevalence_Time","NullModel","1740763250",10,10,TRUE,TRUE,50,50,-696088363.081716,-701235878.601942,-698166133.495008,-697339258.429994,-696572923.250659,-696245100.650893,0.600766985886473
"288","scSTM_Sensitivity_Pooled_Content_Prevalence_Time","NullModel","1740763254",10,10,TRUE,TRUE,50,50,-825740690.963379,-831978855.809042,-828965108.455236,-827854215.486424,-826558181.558975,-825948211.454999,0.656867328968609
"289","scSTM_Sensitivity_Pooled_Content_Prevalence_Time","NullModel","1740763256",10,10,TRUE,TRUE,50,50,-750131976.217408,-751176880.115147,-750843866.240457,-750651531.120973,-750374936.610448,-750227925.833426,0.918292162096373
"290","scSTM_Sensitivity_Pooled_Content_Prevalence_Time","NullModel","1740763269",10,10,TRUE,TRUE,50,50,-814551503.485755,-820331630.707598,-817232753.140213,-816213274.533884,-815083625.997625,-814727094.403694,0.537661677570067
"291","scSTM_Sensitivity_Pooled_Content_Prevalence_Time","NullModel","1740763284",10,10,TRUE,TRUE,50,50,-703510243.18431,-708136288.561091,-705609237.254234,-704800874.263352,-703984697.46775,-703694801.757707,0.497186066915703
"292","scSTM_Sensitivity_Pooled_Content_Prevalence_Time","NullModel","1740763287",10,10,TRUE,TRUE,50,50,-790398390.165148,-795725190.522981,-792958837.810501,-792018099.891308,-790943526.975816,-790573189.088611,0.793894414052252
"293","scSTM_Sensitivity_Pooled_Content_Prevalence_Time","NullModel","1740763297",10,10,TRUE,TRUE,50,50,-748742915.431296,-749819512.917587,-749396795.698587,-749256052.26687,-749080947.954467,-748912288.59049,0.900739352551703
"294","scSTM_Sensitivity_Pooled_Content_Prevalence_Time","NullModel","1740763305",10,10,TRUE,TRUE,50,50,-798960246.275141,-800108564.070669,-799705082.080093,-799486647.037672,-799202522.470687,-799034938.206396,0.965359771803217
"295","scSTM_Sensitivity_Pooled_Content_Prevalence_Time","NullModel","1740763313",10,10,TRUE,TRUE,50,50,-722228574.053277,-723417934.171681,-722562634.875766,-722348121.201568,-722261253.847842,NA,0.975534179566207
"296","scSTM_Sensitivity_Pooled_Content_Prevalence_Time","NullModel","1740763316",10,10,TRUE,TRUE,50,50,-789398841.591639,-790908790.219531,-790324908.974749,-790041915.344558,-789649168.670107,-789453267.425972,0.886427486744987
"297","scSTM_Sensitivity_Pooled_Content_Prevalence_Time","NullModel","1740763321",10,10,TRUE,TRUE,50,50,-720646889.120794,-721650239.810661,-721261598.019571,-721089021.901017,-720889219.16207,-720763074.371612,0.828900084896692
"298","scSTM_Sensitivity_Pooled_Content_Prevalence_Time","NullModel","1740763336",10,10,TRUE,TRUE,50,50,-767323927.385123,-768386811.172364,-767951783.798781,-767770138.462977,-767498770.288152,-767362357.574787,0.985279265004356
"299","scSTM_Sensitivity_Pooled_Content_Prevalence_Time","NullModel","1740763365",10,10,TRUE,TRUE,50,50,-723722961.699081,-724413257.956026,-724184615.881772,-724050074.883827,-723857626.360818,-723755350.033977,0.951833997825262
"300","scSTM_Sensitivity_Pooled_Content_Prevalence_Time","NullModel","1740763381",10,10,TRUE,TRUE,50,50,-805948181.883956,-811073667.754023,-808365486.605203,-807499910.347991,-806607742.857638,-806186396.897609,0.48486516516222
